source,text,rating_or_upvotes,date
App Store,"I am totally surprised and fascinated by the speed of delivery,quality and range of products available at their fingertips without getting out from the door. What is next?",5,2026-07-17
App Store,Three out of four orders got refunds because the items were not available or out of stock and one order was shown delivered but I didn’t receive any items and only one order came properly out of them all,2,2026-07-17
App Store,Please always send delivery person with change.. could not pay in cash otherwise,5,2026-07-17
App Store,"This is local kirana store and doesn’t provide proper customer support- Amazon is best.

Deleting app now.",1,2026-07-17
App Store,Amazing aap blinkit. But sometimes delivery charges nd tax nd all not sounds good,5,2026-07-17
App Store,"If any customer have mistakenly ordered a wrong time and it’s worth 4k , blinkit has a policy that any item cannot be returned 😂",1,2026-07-17
App Store,"I have been using blinkit for so many years. But the type of customer service i have got from this company is ludicrous and appalling. They cut your calls in between and argue with customers. They dont understand the concerns and have no empathy or consideration for customers or care about the issues that they are facing

Blinkit is running a scam online. They promote things they cant provide and when you ask for it. They just argue back and when yiu raise it to seniors they cut the call on your face. Really disappointed and will not be using it again in future.",1,2026-07-16
App Store,Keep people who can talk proper and understand Atleast hindi or Kannada…. Always we face problem with blinkit delivery boys,1,2026-07-16
App Store,"High rate in every product, example:- Coconut price in retail is 25 but your rate 48",1,2026-07-16
App Store,It’s time saving service,5,2026-07-16
App Store,It’s only here in Bharat that one can enjoy such a luxury,5,2026-07-16
App Store,"Review complete karne se pehle hi order aa gaya… kya speed hai, Blinkit! ⚡",5,2026-07-16
App Store,need Kannada names for the products,1,2026-07-16
App Store,Worst app . It changes price after placing order,1,2026-07-16
App Store,Loading Blinkit Money is a challenge. Payments are usually unsuccessful in first attempts and redirection is broken,1,2026-07-16
App Store,I am very happy with the grocery service delivery of Blinkit awesome company keep it up God bless keep shining,5,2026-07-16
App Store,Extra charges and too much time fake app,1,2026-07-16
App Store,"Very bad strategy of Blinkit to push shopper to reach 200 for free delivery , shame on you guys",1,2026-07-16
App Store,Do not take orders 1000 kms away from customer if your customer support is unable to handle the order issues.,1,2026-07-16
App Store,"Please confirm to customer , where you deliver product & give service like home door step.",5,2026-07-16
App Store,"Hi blinkit team 
Previously I have been purchased one thing on the blinkit and I received the other item in that I have been shared the photos off the item through your app and they said like it is not refunded and I did not ask about the refund I just to replacement they but they are informing it is also not replaceable then what should I do with that then I just requested to call back from the executive but they are informing the same thing I don’t know what should I do with that product the product still unusable how can we trust on that",1,2026-07-16
App Store,Wow bro just order anything anytime,5,2026-07-16
App Store,Blinkit! It really means! make an order and just blink and the order is at doorstep! Excellent work by the delivery associates!! Ride safely 😉,5,2026-07-16
App Store,"The interface is clean, ordering takes just a few taps, and deliveries are usually on time. Great selection of products, frequent discounts, and reliable service. Makes grocery shopping so much easier. Highly recommended!",5,2026-07-16
App Store,Ordered BTS oreos Received normal oreos. Asked support for help and was replied with “packaging changed but you received the correct product”. I was scammed. They are different products,1,2026-07-16
App Store,Very fast delivery 😊,5,2026-07-16
App Store,Improve yours stock guys,5,2026-07-16
App Store,"Vegetables were delivered in very poor condition. They were not fresh at all and some items looked almost unusable. I raised a complaint immediately, but even after that there was no stock change or replacement provided. Also, there was no proper response from customer support. This is very disappointing and not expected from Blinkit. Please improve quality control and customer service.",1,2026-07-16
App Store,Everyone careful check the final bill split. They force you to make 1 rupee donation. It’s tough to remove this.,1,2026-07-16
App Store,Always consistent with delivery,5,2026-07-16
App Store,Best app it the world,5,2026-07-16
App Store,Rate is too much high as per quantity,3,2026-07-16
App Store,Blinkit is a really helpful appp there should be such apps in every country we love Blinkit!!!!!!!!!,5,2026-07-16
App Store,"Vegetables and flowers are not provided fresh, either stale or un fresh.",4,2026-07-16
App Store,I ordered some items a few days ago . Your people wrote delivered but it was never delivered!!! Cheats .,1,2026-07-16
App Store,Remove handing charges!,4,2026-07-16
App Store,very great and politely,5,2026-07-16
App Store,Fast as lightning,5,2026-07-16
App Store,Took my money and not received order,1,2026-07-16
App Store,No case on delivery,1,2026-07-16
App Store,It was unnecessary to remove Kannada in Karnataka and replacing it with Hindi. If you want just put English but don’t impose other languages.,1,2026-07-16
App Store,Hindi imposition in Karnataka,1,2026-07-16
App Store,Kannada text removed and hindi imposition on us. Shame on you blinkit uninstalled the app,1,2026-07-16
App Store,Beautiful and hospitable service making lives comfortable,5,2026-07-16
App Store,And product quality,5,2026-07-16
App Store,"I truly appreciate the incredible work Blinkit is doing for society. Providing ambulance services at such a low cost is a remarkable initiative that can help countless people during emergencies. This is more than just a business service—it is a meaningful contribution to the community and a great example of social responsibility. Fast delivery, reliable support, and now affordable emergency assistance show how much they care about people’s well-being. A big thank you to the entire Blinkit team for making essential services more accessible and helping those in need.",5,2026-07-15
App Store,Never ordered anything from Blinkit if you want to save your money poor quality and no return option is their be careful use better service like Flipkart minutes or Swiggy Instamart,1,2026-07-15
App Store,"I am a working professional, and I often have snacks at the office. However, due to a shortage of time in the morning, I couldn’t carry snacks from home. That’s why I prefer Blinkit’s quick delivery service.

Or, if you’re writing a customer review, you could make it sound a bit more friendly:

I’m a working professional, and I usually have snacks at the office. Since I don’t have enough time in the morning to pack snacks, I prefer Blinkit’s quick delivery. It saves me time and is very convenient.",5,2026-07-15
App Store,"I really love this app, just because this app, I am able to send chocolates to my gf and I am so happy. Thanks team Blinkit :)",5,2026-07-15
App Store,They have started using Hindi names for groceries which the locals have no idea about in Bengaluru. They were using Kannada names earlier. Why the shift and imposition of Hindi!! Useless app for Bengaluru and Kannadigas.,1,2026-07-15
App Store,I would like to say that service is impressive this app only takes few minutes i always buy my things here and it’s a great full,5,2026-07-15
App Store,"Hi Blinkit Team,

Just a small suggestion—would it be possible to add a Monthly Expense Summary feature in the app? It would be really helpful to view total monthly spending and track expenses without having to calculate each order manually.

and thanks for the great service!",4,2026-07-15
App Store,Comparing to others prices are high. Cross check and do the needful or you will loose your customers,1,2026-07-15
App Store,"Very useful app in emergency time , every time helpful",5,2026-07-15
App Store,Got 50 % discount,5,2026-07-15
App Store,"Less in time, good quality products",5,2026-07-15
App Store,"When there is no delivery charges , why are you guys adding handling charges even for plastic container items?",3,2026-07-15
App Store,Funder ko mre trf se 3/5 Chumma,5,2026-07-15
App Store,24x7 delivery.. that’s insane,5,2026-07-15
App Store,Some times very expensively,3,2026-07-15
App Store,Very fast service,5,2026-07-15
App Store,The service is too good and fast . Way too good ✌🏻,5,2026-07-15
App Store,I have seen jaggery which was not natural,4,2026-07-15
App Store,initially i disappointed with support team of blinkit like it was very difficult to raise concern to support team but now they have really worked in this area and made support easy for customers really appreciated,5,2026-07-15
App Store,"Products are generally good and I buy repeatedly, but need to improve on existing range and introduce premium range in tier2/3 cities also",4,2026-07-15
App Store,I don’t want paper or plastic bags … please try to avoid,5,2026-07-15
App Store,Extra charges for daily costumer,1,2026-07-15
App Store,Fruits very bad especially bananas,3,2026-07-15
App Store,Appreciate that,5,2026-07-15
App Store,"I loved the instant delivery and i watched the reels of the ambulance service you provide. And, i love it and i am so happy to using a app like this 
Thankyou :)
🫠",5,2026-07-15
App Store,Kafi aacha hai ylll bhut fast delivery hai thanks blinkit,5,2026-07-15
App Store,Good quality products,5,2026-07-15
App Store,Very easy to use this,5,2026-07-15
App Store,Ur executive said we will refund the amount for damaged product but 5 ₹ she refunded as handling charge fee and ur customer care is also not answering as it automated … very poor service,5,2026-07-15
App Store,Very nice service,5,2026-07-15
App Store,Good Discount to be given to regular customer - to extend relationship for a longer,1,2026-07-15
App Store,Unnecessary Surcharge,1,2026-07-15
App Store,Prompt delivery always 😊,4,2026-07-14
App Store,Best Service on time,5,2026-07-14
App Store,Always Deliver Good quality product in short duration…,4,2026-07-14
App Store,"Printout service is very good used for interviews purpose, I saw a reel of ambulance service, user centric approach, loved their service",5,2026-07-14
App Store,Authentic delivery of products and quality,5,2026-07-14
App Store,"Money deducted form Blinkit account and after 10 minutes app is showing notification that payment failed, please order. Amount is deducted already",1,2026-07-14
App Store,They deliver tempered electronic product and then refuse toe listen customer complaints.,1,2026-07-14
App Store,I ordered a buds but did not founds buds in the box and delivery partner said that she has talked to store and they will assign a new delivery partner and deliver the item but there is no response from blinkit,1,2026-07-14
App Store,Easy app easy delivery but costs are high,3,2026-07-14
App Store,Daily daily sending v old stale vegetables,1,2026-07-14
App Store,Pricing are low compare to others and delivery timing are fast,5,2026-07-14
App Store,"When i queried they say money will be back by 7 to 8 days, who is going pay bank interest for the 7 to 8 day period, Blinkit ? I don’t understand the logic behind modern day lightning payments.",1,2026-07-14
App Store,Makes our life better 😊😊,5,2026-07-14
App Store,Rider did not come to deliver order and given excuses and he ask me to cancel the order.Also customer service not help me in this situation.,1,2026-07-14
App Store,Love the experience,5,2026-07-14
App Store,A reliable vendor for everything last minute . Saves you the hassle of going out for small jobs that come up at the wrong time. An efficient assistant.,5,2026-07-14
App Store,"On damaged items, was charged extra as a refund",1,2026-07-14
App Store,Best GIG worker,5,2026-07-14
App Store,bekar customer care service hai zero,5,2026-07-14
App Store,Very poor services,1,2026-07-14
App Store,"I ordered a single product at 10:00 PM, and it wasn't delivered until 11:30 PM. Taking 1.3 hours to deliver a single item within a 3 km radius is honestly terrible service. Blinkit never seems to deliver on time anymore.",1,2026-07-14
App Store,Last minute helper,5,2026-07-14
App Store,"Blinkit used to deliver in our area without any issues, but now it always shows **""Currently Unavailable.""** On the rare occasions when it becomes available and I place an order, it gets delayed, and then the order is eventually cancelled.

This has become a regular problem and is very frustrating. Please ensure you have proper service and delivery support in the areas you operate before accepting orders. Customers shouldn't have to deal with repeated delays and cancellations. Very disappointing experience.",1,2026-07-14
App Store,I purchased a boat 108 stone it was damaged and they are not refunding the speaker they are saying to go to claim boat warranty boat websites are not working and there it was given 7 days return policy I dint even wanted to give one star to it the company ceo is a coward and is scamming Indian public ceo is a mad person,1,2026-07-14
App Store,I tried paying twice but the app did not take it. It took the payment when I tried third time. This has been happening quite a lot lately,1,2026-07-14
App Store,Extra charges applied after business popularity,1,2026-07-14
App Store,Cash on delivery must be available,1,2026-07-14
App Store,Thanks for Quick service,5,2026-07-14
App Store,"They took my money, but never deliver the item",1,2026-07-14
App Store,Of late delivery becoming horrible,1,2026-07-14
App Store,Received a completely smashed box of chips.. acc to the delivery boy his request for another box was turned out by the blink it partner on hill road Bandra West,1,2026-07-14
App Store,Best quality items available here.,5,2026-07-14
App Store,Really appreciate the effort of every delivery boy who make this happen. Wish you safe and fast ride in future. Kudos !!,5,2026-07-14
App Store,Thanks Blinkit team for the coming back to my area after 4 years.,5,2026-07-14
App Store,payment has deduct but refund not credit,1,2026-07-14
App Store,Last order I gave for my father day cup came broken.,5,2026-07-14
App Store,Minimum order should be 100 not 200 v disappoint,1,2026-07-14
App Store,Experienced worst customer support,1,2026-07-14
App Store,"Absolutely loved the quality! ✨ The finish is beautiful, the design is elegant, and it looks even better in person. Perfect for everyday wear as well as 
special occasions. Highly recommend!  🌸",5,2026-07-14
App Store,So Fast pages open smooth application,5,2026-07-14
App Store,Click n get in minutes,5,2026-07-14
App Store,App doesn’t provide care on customers like competitors do  raised an issue with delivery partners still no update on it,1,2026-07-13
App Store,On time service by Blinkit,5,2026-07-13
App Store,"I ordered items and it was never delivered, the customer support isnt even connecting, these scammers robbed me.",1,2026-07-13
App Store,We can consider blinkit taking delivery charges but they also taking handling charges which is I feel wrong because you guys already taking charges 30 rs for delivery handling should be included you should not take handling charges separately,3,2026-07-13
App Store,Reduce shipping charge above 99,4,2026-07-13
App Store,Super convenient app,5,2026-07-13
App Store,"Great UI and UX easy to use
keep going!!!",5,2026-07-13
App Store,Amazing app for fast home delivery,5,2026-07-13
App Store,good product nd delivry very  nice bro,5,2026-07-13
App Store,I have been a Blinkit user for 4 years now. It has become a part of my daily life.,5,2026-07-13
App Store,5 stars for constant on time deliveries and excellent ambulance services,5,2026-07-13
App Store,"Delivery is always late, delivers wrong product often without intimation, not expected from such a reputable app",1,2026-07-13
App Store,"You guys are doing the Best with the ambulance work.. you guys earn my respect 
Keep doing the great work 
And the also the best app for shopping",5,2026-07-13
App Store,Off lately this comoany has become arrogant and keeps cheating a it customers when it comes to missing items and forces customers to take partial refunds,1,2026-07-13
App Store,Getting things very quick and in reasonable price thank you,5,2026-07-13
App Store,"It automatically changes my delivery location when i pay, and then if i want to change address, its not allowing, also if cancelling the order, there is a fee of rs 20/- is applied. A strategy of blinkit and for me total loss of time and money",1,2026-07-13
App Store,"Very Much comfortable now a days but point to be improved 
1-Graded Vegetables 
2-Graded Fruit
3-Icecream Delievery
4-General Medicine
5-Balance cash problem when ordering cash on delivery Associate don’t have change",5,2026-07-13
App Store,Sometimes the app gives wrong information about the person delivering time,4,2026-07-13
App Store,Service is too good but items are heavily priced compared to off-offline,4,2026-07-13
App Store,Bhot paise kharch hote hai 😭😂,5,2026-07-13
App Store,Fast and easily accessible,5,2026-07-13
App Store,Very convenient in hot summer weather to have it at ur doorstep in just blinking of ur eyes.,5,2026-07-13
App Store,Bit expensive items,4,2026-07-13
App Store,Speed delivery liked service thank you,5,2026-07-13
App Store,"We love it for free, Ambulance 🚑🚑 full support to Blinkit",5,2026-07-13
App Store,For only one product,1,2026-07-13
App Store,"Too costly delivery charge
It should be less for more better service",4,2026-07-13
App Store,"I was expecting guest in 15 minutes and had to replenish grocery and eatables for them. Had no time to visit market for the same. Ordered the products I needed and working 8 minutes got it delivered at home. Wow, time saved.",5,2026-07-13
App Store,"Great service, love it.",5,2026-07-13
App Store,Very bad service! You order the product from the same Vendor one they pick up and other one they say store is closed you do it tomorrow again!! As if we consumers are jobless and we will keep going through the same process again  and again!!! And this is what Blinkit customer care has to say to us and they say if you want refund from promo code it will instantly come in your account but then they say wait for couple of hours you will get the code and then you just get back the base price so when you order again you pay for delivery handling everything again for their mistake!! Very good way to earn free money from the consumers!!! So happy with the service provided by Blinkit!!,1,2026-07-13
App Store,some prices are higher compared to normal shops . plus delivery agents are rude,1,2026-07-13
App Store,Have to increase delivery time for delivery boys and girls for life safety.,5,2026-07-12
App Store,Blinkit is the best so far..,5,2026-07-12
App Store,Taking longer time 18 min 20 min,2,2026-07-12
App Store,Orders promptly delivered with convenience of sitting at home.,5,2026-07-12
App Store,"Very disappointing experience. I received expired products, and some items even had fungus on them. Selling spoiled food is completely unacceptable and raises serious concerns about quality checks. I expected fresh products but instead received items that were unsafe to consume. I hope Blinkit improves its quality control and ensures customers don't receive expired or contaminated products again.",1,2026-07-12
App Store,bakwas hai customer support koi support nhi krta koi chej khrb aa jye tho mana kr dete h yhe change krne k lye refund k lyr dont use this app its to poor app,1,2026-07-12
App Store,"I've ordered groceries on 6 july but the delivery boy didn't delivered my order inspite of this he update my order status as updated .. my order was prepaid... Till today I didn't get my refund as well... do not shop from blinkit... 
Im waiting for my refund for 2 days more (14th of july) if I still don't get my refund then I will take a legal action on this matter..",1,2026-07-12
App Store,Great for last minute work and deliveries. Delivery personnel are quick and come all the way to the doorstep and are very professional.,5,2026-07-12
App Store,Thank you from the bottom of my heart every single day I’m going to use blinkit no matter what much gratitude forever your fan for the initiative you took much love,5,2026-07-12
App Store,Best shopping app I ever had,5,2026-07-12
App Store,"It’s great platform am bcoz of fast delivery, genuien items nd more things. Thanks Blinkit",5,2026-07-12
App Store,This is the app I have found to be the most valuable app among all the apps. The reason I say this is for other apps we have an alternative option but with Blinkit this is the only option most of the times. The app experience is wonderful. Appreciates the team behind this for making this amazing app and business,5,2026-07-12
App Store,In the name of resolution the will give refund and then I will reorder by paying more delivery fee out of ur pocket,1,2026-07-12
App Store,Its wet soggy at bottom as if it will burts,1,2026-07-12
App Store,Handling charge is more,4,2026-07-12
App Store,I like the sirvice,5,2026-07-12
App Store,Extremely excellent app,5,2026-07-12
App Store,Prompt service and almost everything is available.,5,2026-07-12
App Store,You told me to give me cashback after paying from Paytm. Where is it ?,1,2026-07-12
App Store,Great discount 👍🏻👍🏻👍🏻,5,2026-07-12
App Store,Price hikes while ordering,1,2026-07-12
App Store,I ordered 1 kg packet of ice that only consisted of 4-5 pieces of ice. The issue was escalated but the customer service denied stating that all three different photos of the order are not clear. Anyways I had to reorder. Hope that will be okay. Disappointed with the service and customer support,1,2026-07-12
App Store,Good Aap for last 10 min shopping and they provide good quality products too. Thank you blinkit team 😊🙏🏻,5,2026-07-12
App Store,It’s more relevant when it comes to basic needs. I searched for Jute Bags to carry few items.. it was available in varieties. At the same time it was not available on other apps. Love you Blinkit !,5,2026-07-12
App Store,quick commerce at its best. part of our daily life. thank you dear blinkit!,5,2026-07-12
App Store,No offers i have ever seen,1,2026-07-12
App Store,They apply unnecessary surcharges even after minimum cart value is fulfilled.,1,2026-07-12
App Store,Very fast delivery and good quality,5,2026-07-12
App Store,On my android phone handling charges are 10 Rs and on android ohone its 5Rs,1,2026-07-12
App Store,Zepto giving good deal compare to blinkit,2,2026-07-12
App Store,It’s taking too much advantage of being got famous everywhere….people prefer using blinkit for everyday need so it starts giving free delivery only above 200 that’s not good.,3,2026-07-12
App Store,This is my second time paying. Very disappointed. Amount deducted from upi. Support not available!!,1,2026-07-12
App Store,"Check out the validity of the items being delivered , no expiration items to be delivered",3,2026-07-12
App Store,Boon for low developed location such as Shirdi. Totally swept away reliance mart market which has limited products and whimsical service sometimes even cancelling orders and updating a day later.,5,2026-07-12
App Store,"i dont want to feed india , took my 1rs without my permission, atleast ask for donations dont rob",1,2026-07-12
App Store,"Since, I have a toddler it’s not easy to get out anytime when home alone to get these simple essential stuffs. I am really glad that Blinkit ease to get on my hands on essential things specially. Kudos 🤍",5,2026-07-12
App Store,No control on delivery agents,1,2026-07-12
App Store,"Ice creams are melting, due to lack of icy packs that are used previously in home delivery.",2,2026-07-12
App Store,Go to zepto instead selling fraud products,1,2026-07-12
App Store,This application is only good at finding ways to put extra charges In a quick way.,1,2026-07-12
App Store,High price no discount amazon is not taking delivery charge or so called handling charge.,1,2026-07-12
App Store,And then i gave the order went to dress up and came see that the order is cancel automatically inconvenience like what the heck i want to go to a birthday party,3,2026-07-12
App Store,So much affordable and easy in 40 c . People are working and helping.,5,2026-07-12
App Store,Not helpful my son ordered it by mistake I said them to cancel order in 10  the said me your order is packed very bad app Zepto is better  I want them to rate 0  star but there is no option to rate 0 star,1,2026-07-12
App Store,Time Blinkit claim is false,3,2026-07-12
App Store,Social media fake promotion 5 Rs earbuds,1,2026-07-12
App Store,Other app don’t charge extra charges like Blinkit does,3,2026-07-12
App Store,costimer support very bad my problrm is not solve,5,2026-07-12
App Store,1 star Asking tooo many times to review,1,2026-07-12
App Store,Best price and good product,5,2026-07-12
App Store,"Today, I witnessed something truly inspiring. A Blinkit ambulance arrived quickly during a medical emergency and provided its service completely free of cost. Seeing such a fast and compassionate response reminded me how important every minute is when someone’s life is at risk.

A heartfelt thank you to the entire Blinkit team for taking this initiative. Providing emergency ambulance services without charging patients is a remarkable step toward making healthcare more accessible and saving lives. Acts like these show that businesses can create a real, positive impact on society.

Thank you, Blinkit, for putting people first. Wishing your team continued success in this life-saving mission.",5,2026-07-12
App Store,"Very disappointing experience with Blinkit.

Their customer support is one of the worst I’ve dealt with. Instead of resolving genuine issues, they simply reject complaints without providing a satisfactory solution.

Most products are sold at MRP, so there are hardly any meaningful discounts. On top of that, they charge a handling fee, and you often have to place a large order just to qualify for free delivery.

The biggest disappointment is their after-sales service. Even when a defective or damaged product is delivered, getting a return or refund is extremely difficult.

Based on my experience, the convenience is not worth the poor customer service.",1,2026-07-11
App Store,I have axis blink it voucher for Rs 250 . But not able to Redeem it  pl advice or Asst,5,2026-07-11
App Store,Perfect service,5,2026-07-11
App Store,Very very bad customer support and bad products desidiya,1,2026-07-11
App Store,"Despite acknowledging that there was an issue with the product purchased through Blinkit, the support team took no ownership or accountability for resolving it. Every response was the same: ""Our system doesn't allow it,"" ""We're bound by policy,"" or ""Please contact the brand.""

I requested a refund or an exchange for another brand, but both were denied without any meaningful effort to help. Customer service should focus on resolving genuine issues, not repeatedly citing policies and system limitations.

My issue remains unresolved, and I'm extremely disappointed with the lack of customer-centric support.",1,2026-07-11
App Store,Very fast service 👍👏,5,2026-07-11
App Store,There is a practice of delivering rotten items. Many times I received rotten or staled items. Rates of vegetables and fruits are very high as compared to local markets and quality very poor.,1,2026-07-11
App Store,I have purchase a order yesterday in thi order 1 product is missing,1,2026-07-11
App Store,No app support no email support very bad services i need to connect with an agent but no help dont use very bad app,1,2026-07-11
App Store,It’s bad that I’m not able to use my credit card here,4,2026-07-11
App Store,Excellent service.,5,2026-07-11
App Store,It’s really convenient,5,2026-07-11
App Store,Very much comfortable ✔️❤️,5,2026-07-11
App Store,"Jab b ap kahi jao or kuch bhul jao
To market open nhi milega ya phir market me jo apko cahiye vo nhi hoga
Lekin yha mil jayega
Thank u blinkit for being a helping hand at moment",5,2026-07-11
App Store,black colour dirt on chutny,1,2026-07-11
App Store,"Lots of extra charges, i always prefer zepto over blinkit.",1,2026-07-11
App Store,Very fast delivery my one off the fouvrate app is Blinkit yaaahuu 🫶🏻💓,5,2026-07-11
App Store,Very good facility,5,2026-07-11
App Store,"The Printout Feature!! I have my exam tomorrow and i unfortunately forgot to take out a print of my admit card, a friend of mine told me to order it from blinkit and i thought she was joking lol; i checked and there it was, the printout option, if anyone from blinkit decides to participate in elections, im voting them fs lol, (cause wdym like printouts 24/7, free ambulances) THEYRE DOING WHAT OUR GOVERNMENT SHOULDVE ALREADY DONE! Love yall",5,2026-07-11
App Store,The service charges of delivery  are much higher than the others app,1,2026-07-11
App Store,"Convenient, good quality, fast delivery",5,2026-07-11
App Store,Best Product line - Printout 🎯👏👏👏👏👏,5,2026-07-11
App Store,The fastest way I got .,5,2026-07-11
App Store,I always got postive service by the delivery patners.❤️🤗,5,2026-07-11
App Store,Not helpful towards customers. Zepto is better dont use this app,1,2026-07-11
App Store,Pluxee card couldn't be added,1,2026-07-11
App Store,"Thanks for giving this services in Kashmir, only one request try to charge little less.",5,2026-07-11
App Store,There should be cancell on r update the cart,1,2026-07-11
App Store,When I order from you it comes in only 20 minutes and product is so durable,5,2026-07-11
App Store,Smart delivery and fast delivery good app,5,2026-07-11
App Store,Best best nest 10min s shopping aap,5,2026-07-11
App Store,Rapid delivery. Hassle free,5,2026-07-11
App Store,Quickest delivery,5,2026-07-11
App Store,Excellent swrvice,5,2026-07-11
App Store,good online servic . very quick. Quick service👍🏼,5,2026-07-11
App Store,Not satisfactory with quality and items are always missing.,2,2026-07-11
App Store,"I orderer some items from Blinkit in Electronic city Bangalore. Once order came, one of the items (banana) was missing. I complaint against it with agent  name Dikshani. But she said it is delivered. How she knows it is delivered or not. I ordered around the amount 1000 something. I dnt need to tell lie. Instead of closing chat, they need to seek about the truth.Not at all satisfied with the service. How can trust",1,2026-07-11
App Store,Very fast delivery,5,2026-07-11
App Store,Yay wonderful app,5,2026-07-11
App Store,Most of the time the store is unavailable  service haha,1,2026-07-11
App Store,Nice goods with in rainy sessions delivered on time. Good job,5,2026-07-11
App Store,Excellent service,5,2026-07-11
App Store,While placing an order after deducting the payment I mistakenly cancelled the order but money was not refunded till now. There is no proper customer support provided by this app there is only a email but they don’t reply properly. Beware of this fraud app,1,2026-07-10
App Store,"It’s a matter of immense satisfaction  that we now have the efficient and prompt services of Blinkit,in Hanumangarh.Rajasthan.",5,2026-07-10
App Store,Good an fast delivery,5,2026-07-10
App Store,"App is easy to use , with daily use items available all times !",5,2026-07-10
App Store,Life is getting easy with blinkit,5,2026-07-10
App Store,I got 3 broken eggs form one side in my last order,1,2026-07-10
App Store,Service is so good,5,2026-07-10
App Store,No doubt on the best timing than other apps. Most of the packed items are dirty as if kept on floor. Prices are very high compared to other apps. COD should be always active as some times we run out of money in account as wives but has cash.,4,2026-07-10
App Store,Gand me dum nhi h ky tere 99 rakhne ka,1,2026-07-10
App Store,"Fast delivery, easy ordering, and great service every time. Blinkit makes grocery shopping quick and hassle-free. Highly recommended!",5,2026-07-10
App Store,Amazon Now and Zepto are doing much better than this,1,2026-07-10
App Store,You always charge something extra inspite of zero surge,5,2026-07-10
App Store,Super app for quick delivery,5,2026-07-10
App Store,The services of blinkit are amazing. Fast delivery and I hardly faced any problem with the delivery person too,5,2026-07-10
App Store,Buy the time of order the product is out of stock it seems better to go shopping,1,2026-07-10
App Store,"Eggs yolk black inside 
Eggos brown egg whole box have to throw due to rotten eggs , after calling yhey not refund on blinkit",3,2026-07-10
App Store,"I recently purchase car charger … 7 days return policy but now they are denied it … and saying talk to brand direct … I m regular and valuable customer but their treatment is toooo bad ….
Now I don’t order anything from Blinkit",1,2026-07-10
App Store,Price was 130 and changed me 165,2,2026-07-10
App Store,Good in delivery but sometime you’re late and some guys are unprofessional you have work on rise and shine,5,2026-07-10
App Store,"If for some reason, few article is missing from your list, forget you will get your refunds",1,2026-07-10
App Store,Fast and on time,5,2026-07-10
App Store,Really smoother experience with blinkit app for grocery products.!,5,2026-07-10
App Store,No proper products,1,2026-07-10
App Store,"Blinkit is becoming expensive day by day, 3 banana in 47. What is this?",1,2026-07-10
App Store,Handling Charges and Convenience Fee is too much,2,2026-07-10
App Store,Double payment taken. Check and reply,1,2026-07-10
App Store,Convenient to order & receive delivery,5,2026-07-10
App Store,Good service platform this is ! Cheers to team Blinkit,5,2026-07-10
App Store,Blinkit is such a life saver so much happy it started in my area too,5,2026-07-10
App Store,Best best best app,5,2026-07-10
App Store,Give more discounts to regular costumers,2,2026-07-10
App Store,Best experience ever must try,5,2026-07-10
App Store,"Absolutely impressed with Blinkit! The delivery was super quick. The app is easy to use, and the convenience of getting groceries and essentials delivered within minutes is a huge time-saver. Great service, reliable delivery partners, and a seamless shopping experience. Sometimes products are old dates like baby formula but have heard that customer service is also great. Alphabet not tried it though. Anyways Highly recommended!",5,2026-07-10
App Store,No customer support worst people,1,2026-07-10
App Store,Every-time i open this app i get reminded of the good times i had in Epstein island,5,2026-07-10
App Store,"Extremely disappointed with Blinkit's customer support. Due to the delivery partner's misconduct and careless handling, my order was damaged. It contained delicate items like eggs and a packet of oil, which were mishandled and spilled, leaving the order unusable.

Despite clearly explaining the issue and requesting a refund, Blinkit has refused to provide one. This is unacceptable. Customers shouldn't have to bear the loss caused by a delivery partner's negligence. Truly one of the worst customer support experiences I've had. I expected much better from Blinkit.
I need refund guys",1,2026-07-10
App Store,Everytime it is taking half an hour to deliver while they are showing that it will be delivered in 13-15minutes!!,5,2026-07-10
App Store,Fake app don’t buy anything from this app. If product replacement is available with in 7 days than they are denied even customer support unable to understand problem . Your are doing fraud with your customer it’s batter I ordered from Amazon even Meesho customer support is batter than your customer care 😡😡😡,1,2026-07-10
App Store,They are sending me the same broken crushed drinking water bottle again and again wasting my time and energy and money,1,2026-07-10
App Store,Very fast delivery ❤️,5,2026-07-10
App Store,The application is good. No further update is required i believe.,5,2026-07-09
App Store,Unable to disable default Tip option which is ridiculous. I can’t even enhance my tip. Need to give balance tip in cash.,5,2026-07-09
App Store,Their customer care service is very disappointing. Zero greivance management,1,2026-07-09
App Store,"Pls don’t deliver nearest expiry date products specially like dairy products and batter of dosa ,chutney and all.",5,2026-07-09
App Store,I love this app its help me lot’s & time saver💞,5,2026-07-09
App Store,It’s very easy to find all item and get it within  8-10 minutes. Thanks Blinkit,5,2026-07-09
App Store,Very fast service must try,5,2026-07-09
App Store,Best shopping app but shld avail discount coupons,5,2026-07-09
App Store,All good but refund as coupon redeem is very difficult not able to find payment option using coupon. Very big issue,3,2026-07-09
App Store,2 time mein ne dahi order kiya tha muje aya nhi hai uske sat dusri chiz mangati vo aya tha Pese kat gaye the dahi ke but muje delivery nhi hovi,1,2026-07-09
App Store,"For first 2 order they did not charge handling fees then as soon as I added Blinkit money they understood that I have to order to complete the purchase, so they have started charging",1,2026-07-09
App Store,Scammers dont buy from them their driver steals products and then they say correct item was delivered and never offer replacement or refund i am filing a legal lawsuit against them under section  1 r and consumer protection act 2020 please if something similar has happened to you let me know and we can file the lawsuit together,1,2026-07-09
App Store,SO MANY EXTRA CHARGES AND NO CASH ON DELIVERY AFTER 12:00 AM,3,2026-07-09
App Store,In every emergency only blinkit help me 🤌.. u are best yellow ⭐️⭐️⭐️⭐️⭐️,5,2026-07-09
App Store,Stop looting people by applying surcharge. Not good experience.,1,2026-07-09
App Store,"I recently bought JBL earbuds. Mic was not working properly. I contacted Blinkit support team multiple times and each time they just kept on asking me to reach out at different times. Each time with each executive I had to keep on explaining my issues in detail to make them understand. Executives were asking for video evidences for mic issues. 
The other day the yogurt delivered was expired.
The other days vegetables received were rotten.

Such a big potential company on 1 side it is killing all the small scale business and on the other side it is giving frustrating experiences to its customers.",1,2026-07-09
App Store,I really appericiate,5,2026-07-09
App Store,Payment done but it shows order not placed,1,2026-07-09
App Store,"Man really your service is awesome, Keep it up man , You and I are friends now , Finally your services came to my home town , Thank uou Blinkit ❤️‍🩹🫠 But at last not the least #BLINKITISAWESOME 🫶🏻💕🤞🥰🥰🥰🥰",5,2026-07-09
App Store,No one is thinking about us so quickly. Everything I have in my mind is available on My Blinkit. Thanks for being there.,5,2026-07-09
App Store,Worst app for clothes and all no support only say we can’t change the product or refund never use this app for clothing and garments stuff,1,2026-07-09
App Store,They send you damaged product and don’t give and support! The support executive simply calls you and talk rude on and then deny on taking any responsibility.,1,2026-07-09
App Store,It’s becoming too costly day by day and prices vary,3,2026-07-09
App Store,Bhai bhot safe and fast hai ye aap,5,2026-07-09
App Store,These are too good service and good quality and good price,5,2026-07-09
App Store,Oreo was best👌👌👍🏻😘❤️,5,2026-07-09
App Store,Use it it’s the best app for grocery and whatever u want,5,2026-07-09
App Store,Nice service and app,5,2026-07-09
App Store,Best of all time in terms of product quality and Profuct options.,5,2026-07-09
App Store,My favv blinkit,5,2026-07-09
App Store,Thank you so much to Blinkit family,5,2026-07-09
App Store,What would i do without Blinkit,5,2026-07-08
App Store,"First, you offered free delivery on ₹199/- Then, while placing the order, you suddenly & hiddenly make it ₹499/- which is not expected from YOU at least!..😩🙏🏼",3,2026-07-08
App Store,Best quality products,5,2026-07-08
App Store,3 litres of spoiled milk,1,2026-07-08
App Store,One of the best online delivery application.,5,2026-07-08
App Store,It save time and every item is available also packaging is very good I use every time in urgent because I don’t have to rush to the market and it has instant delivery within time.,5,2026-07-08
App Store,Fresh produce is rotten and eggs damaged,2,2026-07-08
App Store,What is the purpose of handling fee? Is it Mandatory to pay? Dont you think its fraud.Name is Blinkit and it delivers after 11 minutes with extra looting charges. Not worth,1,2026-07-08
App Store,Very nice blanket,5,2026-07-08
App Store,Double charges for everything,1,2026-07-08
App Store,Was taking money from my credit card in euros,1,2026-07-08
App Store,Value for money,5,2026-07-08
App Store,Extremely poor customer support service,1,2026-07-08
App Store,Missed a papers in Xerox,1,2026-07-08
App Store,I ordered tubelight worth rupees 139 from blinkit and it was defective. In spite of sharing all the details they refused to change it. So I am left with no option but just to delete the blinkit app and will ensure all family member delete this app.,1,2026-07-08
App Store,It will beat Amazon soon,5,2026-07-08
App Store,"if we buy anything that is sealed from a shop we have choices of returning the item and getting the new one if the product is not compatible to your device or electronics, these scammers did not even replace it to a new one , not a quick commerce just digital advertisement billboard agency for FMCG other businesses",1,2026-07-08
App Store,It’s seems like a kind of local feeling u could do something like premium app kind of stuff 😉,2,2026-07-08
App Store,Nice and convenient,5,2026-07-08
App Store,They send wrong items and then let customer struggle with that. They will redirect customer to some seller and have zero post sale support. Whats the point of delivering wrong item quick if that’s of no use?,1,2026-07-08
App Store,It’s help me to give something to my brother on his birthday,5,2026-07-08
App Store,Its a fraud company operating in guise of a delivery service,1,2026-07-08
App Store,Plz open in Jodhpur paota region,5,2026-07-08
App Store,Timely delivery and queries,5,2026-07-08
App Store,Every time stuff is out of stock. Previously it was not like this Now a days it is routine of non availability. Please take the action and do the needful as soon as possible. You always take high delivery charges in comparison of other app eg Amazon now they don’t take any charges pls take action,2,2026-07-08
App Store,No repalcemnt policy for electrical item,1,2026-07-08
App Store,Very nice and quick service,5,2026-07-08
App Store,Let’s beat Swiggy on the timing,5,2026-07-08
App Store,Fast Delivery better service customer friendly,4,2026-07-08
App Store,Fast and fresh delivery of products.,5,2026-07-08
App Store,This was one of my bad experience the guy has been so argumentative I felt like being punished making an order on Blinkit apart from that no bag received for almost 7 items ordered. Pathetic service would not like to use again,1,2026-07-08
App Store,"Please don’t use your application, then not response to call not received on call customer is a very tired",5,2026-07-08
App Store,"“Excellent service! Super-fast delivery, fresh products, and a smooth ordering experience. The delivery partner was polite, and everything arrived in perfect condition. Blinkit makes grocery shopping quick and hassle-free. Highly recommended!”",5,2026-07-08
App Store,"Here are the details of my concern to start with:

Ordered: 6 Ciggarette packets (3 Marlboro Red/3 Classic Milds)
Refunded: 1 (Marlboro Red)
Expected delivery: 5 (2 Marlboro Red/3 Classic Mids)
Actually received: 3 (1 Marlboro Red, 2 Classic Milds
Short delivery: 2 packets (1 Marlboro Red, 1 Classic Milds)

Please note that packing 5 packets  does not establish delivery of 5, and that only 3 packets were actually received. 

I want my claim to be countered with the video evidence, if you must, as I m sure the till/packaging counter has camera coverage. I would additionaly expect an explanation from your team for misguiding me and misrepresenting the facts.",4,2026-07-08
App Store,"This is my first time using Blinkit , I order 2 packs indomie mi goreng and I pay for 230mrp but rider only send 1 pack . Also I order for caramel popcorn 4700bc for 3 packs and I pay for it 588 mrp (after the discount) but only came 2 packs.
After that , text the support executive about the problem and I included picture as evidence of my request , and then the executive investigates , but he only said that he is sorry but theres no confirmation about the missing item and the rider has confirmed to deliver all. And the conversation was closed. I dont know maybe the rider stole it because he thought I wouldnt notice. maybe the last time I use blinkit.",1,2026-07-08
App Store,Blinkit increase surge charges day by day so me and my friends deleted this app,1,2026-07-08
App Store,Life changing service. Thank you.,5,2026-07-08
App Store,Customer reps try all the skills to avoid a feedback. No support from them. I had much better support from Swiggy Zepto. Strongly suggest not using blinkit. I have been a regular customer and now I advocate strongly against it,1,2026-07-08
App Store,You guys will be shutdown soon,1,2026-07-08
App Store,Prices are higher then other sites,3,2026-07-08
App Store,It’s too beautiful and look’s stunning loved it,5,2026-07-08
App Store,Bad support agent,1,2026-07-08
App Store,Great initiative,5,2026-07-08
App Store,They are helping to any customer they says that they will change the item when the item is breaked and having cracks in it otherwise they will not replace or refund it,1,2026-07-08
App Store,I’m waited for 1 hour for my order .Finally they tell that they can’t come my location . Also they telling that they charge a cancellation fee if I cancel that order . I don’t have time to wait more time . So I cancelled my order with a cancellation fee . Very bad experience.,1,2026-07-08
App Store,I love buying things from blinkit its my one stop shop for evryday grocery. Please surprise me with more,5,2026-07-08
App Store,"Very good, appreciate your great job",5,2026-07-08
App Store,Over charge without explanation,1,2026-07-07
App Store,"I was charged twice on my credit card for an order. When it wasn’t reversed in two days, I went to Customer Support assuming this would be a routine matter. 
To my surprise I find that there is only an AI chatbot called BlinkBuddy which simply states that only helps with delivery issues and not with anything else. 
There is simply no other way to get support for any other issue on Blinkit. Hence, the double charge, is no error, and can only be a deliberate racket to make a fast buck.",1,2026-07-07
App Store,"Ordered a school bag, which was different from the images uploaded on application, now no further support getting from blinkit.
NOT GIVING ANY KIND OF RESOLUTION.",1,2026-07-07
App Store,Quality was not good,3,2026-07-07
App Store,They send damaged product even after sending they didn’t change product and give remarks product is exchanged,1,2026-07-07
App Store,"I again because your user 

 As I found u provide free ablunace service to Indian . We have to spend money for our work . But if add purpose and same make delight",5,2026-07-07
App Store,Quality is not upto mark.,4,2026-07-07
App Store,Not able to make payment using Pluxee,1,2026-07-07
App Store,"The products here are more expensive than on Flipkart, and they don’t offer much discount even when you buy in large quantities.",1,2026-07-07
App Store,In sabudana products small sabudana was unable to get selected,3,2026-07-07
App Store,Fast delivery but cost seems higher,5,2026-07-07
App Store,Extra money charged,1,2026-07-07
App Store,"Please start your service on bhagyodhiya nagar near islamiya bakery pune 
Zepto ki service yaha ati h but blinkit ki nhi plzzz start your service here",1,2026-07-07
App Store,Too pricey and high rates,1,2026-07-07
App Store,A very useful app for urgent goods requirements.,5,2026-07-07
App Store,"Again & Again wrong items delivered in Phagwara city. Service very bad 
Seriously delivery very shameful",1,2026-07-07
App Store,I have been using Blinkit almost every single day for daily essentials. Recently experienced very sad situation I ordered Arhar Dal 2 KG cost 600/- approx . The product on delivery was found spoiled/damaged and not edible. I shared details with Blinkit it took few days for them to decide next steps. It was a daily essential so could not wait long and I purchased the it from local grocery store. I asked them to refund the amount or get me some other item for same amount but Blinkit refused to do so. The only option given to me was we can replace the same product. I lost the trust in same brand hence I refused to receive same brand but I was still open to receive any other brand . Blinkit could not cater my small request and my money is stuck. Being a regular Customer I expected a high level of service from Blinkit but they failed to meet my expectations. I have deleted the app and will never recommend use of any online app for daily essentials when they are not flexible to handle customer dissatisfaction even when there product was damaged. Local grocery shops do take real time actions on such issues. I can share pictures of product I received .,5,2024-09-24
App Store,"I really donât want to do this, but I have to today, I ordered kulfis and ice cream, one of the ice cream was completely melted, and they came to take the item, I refunded, however, it was really unnecessary, and without asking me where I want the refund, they gave me a coupon, and the agent I spoke to said I agreed to it, where as I never said okay to get a refund as a coupon. Blinkit is such a messed up online store that there are times when we order something by mistake and donât want it, but they wonât take the return and not ready to return. We have to keep it even if we donât need it, now for an ice cream which was already melted when it arrived, and I raised an issue within 3 mins of receiving the order, they wanted to come and take the item, which would just go to dustbin, it was not edible at all, it was a vanilla flavour but it turned off white, when it melted, not sure whyâ¦ also I give a 1 star rating to all my orders as they charge delivery fee of â¹16, and handling fee every-time we order but they donât handle well and donât deliver good quality items. I donât recommend this all. I would suggest going for other delivery companies, the service on Blinkit is not good either. I highly donât recommend to anyone to use Blinkit. Go out and buy things yourself, walk out a little as an exercise, otherwise Ofer from different delivery companies. Very bad service, very disappointed.",1,2023-07-17
App Store,"The delivery guy wasnât respecting the âLeave at Doorâ policy. This is such a huge MISCONDUCT. I have set this policy for privacy reasons. Being a single woman living alone and having experienced misconduct from certain delivery guys when I have opened doors. Yes, this has happened a few times before, like trying to step inside the door or raising voice unnecessarily. None of these incidents were my fault but it has scared me enough to set this policy. My home is my safe space and I donât want people making ruckus or misbehaving around my home or god forbid worse. Following this policy is so vital, yet this fellow was completely disregarding it. He had the society watchman with him because apparently I didnât approve his entry request. Now, this was a misunderstanding, because sometimes the Anacity app doesnât show notifications, in my case it didnât, our society is new and protocols arenât rigid. I explained this on the intercom and asked him to leave the parcel at the door as given on the app. I apologised for the inconvenience and extra wait. But does this mean he take out his anger on me??? This fellow was not ready to leave before he sees my face. He asked the watchman to keep ringing the doorbell. Such arrogance and anger was on his face, I could see everything on the intercom. All for a 10 minute wait, which is understandable late time when delivery guys get stuck in traffic isnât it? Why would I take risk and open the door? For what? The delivery guys are soooo UNPROFESSIONAL.",1,2025-05-03
App Store,Guys donât buy from grofers. These guys will deliver stuff that is almost about to expire. I bought multiple packs of 1ltr tetra pack milk from them. Manufacturing month Feb & delivered in June. Tetra pack milk best before 6 months from manufacturing date. The customer service is even worse. One of the milk tetra pack had gone bad even before the expiry date. So I reported the same on their app. Customer service tells me returns/refunds only possible within 48hrs of delivery. God help you if you order in bulk cause grofers expects you to open everything and check within 48hrs of receiving the product. Their lowest price guarantee scheme is another bummer. I bought an item from there which was cheaper at dmart so instead of returning the item I tried to see what they are willing to do with the lowest price guarantee. I contacted customer chat within 48hrs of receiving the product via the app with the necessary photo proof that the item was available cheaper with dmart. They said that the price difference will be refunded as cashback & will reflect within 24-48hrs in my grofers account but nothing was refunded. When I contact them again saying that I donât see the refund they tell me that I shouldâve reported this within 48hrs of delivery. Seriously can you believe this. I did report within 48hrs. They said they will refund within 48hrs which they didnât & then when I remind them about the same but now since I am out of the 48hrs from delivery bracket. They show me the finger.,1,2019-06-07
App Store,"Today I order couple of vegetables from Blinkit. They gave me an incorrect order. While I was on chat with one of the customer support person, he was really behaving badly and not even accepted my feedback or concern. I gave him a suggestion to be pushed ahead, that if I a customer faces such issue, then the feedback mechanism should be really good. I suggested him that if you giving customers an option of refund or replacement, then they should clearly mention in that option itself that how much time will take it get the refund or replacement. Instead of that it reflected that information post selecting the option. 
Not only he didnât  acknowledged my feedback or suggestions, he was unnecessarily arguing and disrespecting as well. He right away said no app does that , making me feel that it was my mistake that I placed an order here. As a customer itâs my right to share feedback and atleast expect acknowledgment against it. Very bad experience I had today. I would request if anyone can atleast acknowledge it and make sure at least if a customer is disappointed by the service then atleast the customer experience support staff should be humble enough to communicate. Just saying âNo, itâs not possibleâ, â no you are wrongâ , such kind of comments coming from a company really disappoints the customer.",1,2022-08-25
App Store,"I ordered my Blinkit parcel at 12:06 am.
The parcel was supposed to reach me in 8 mins and the delivery partner arrived at the location and didnât move for 40 minutes after which I get a call from support team from a guy called deabpriya saying the driver does not understand your location and please call him to explain. When I called the driver named Sachin he told me that there was a leakage issue with the parcel thatâs why he was running late then I get contacted from the support team again saying that I will have to cancel my order and reorder on the app after waiting for an hour???
Then when I do so my order gets cancelled again and the support team saying thatâs itâs out of delivery location and that it will cancelled and I have to reorder than I did it again and then called the driver after the message stating order packed and he talked to me very rudely saying that itâs not his problem that the store is out of service from the area of my residency Blinkit autoassigns the store so in what sense is it my fault or problem and now I have ordered again and from the same store it is now being delivered after 1 and a half hour. I am not being offered any sort of compensation as your customer support executive stated that there is no option of compensation worst service ever I am going to switch to Zepto and hope to never see Blinkit face ever again",1,2025-08-27
App Store,"Very bad experience with your customer support n delivery person they are fraud n maybe your company is teaching them this my mom faced a issue recently she order things which total cost was 810 rs the delivery person came with a brown bag in which the things were there n it was packed so we could not check it we asked him total amount is 810 he said yes. N did not
Tell us that the cream has not been sent n took full money including the cream price which was 302 after that we checked the bag the cream was not there n in few min the another delivery person came with the cream he asked money from us 302 which we had paid already n we said the same to him he said no after that he canceled the order n did not even let us know your company i fraud we contacted support team n share the issue they started laughing why have you hired such a useless team they are saying that we are lieing what is the proof that the delivery partner is not lieing we did cash on dilivery is that our  mistake I hate blink it support people like kushi Neetu zuber should be removed from the company for laughing at the problem n taking salary for no good. I have deleted blink it from my family members phone n going to delete from my phone as well insta n Zepto are best 1 no service i salute thier service n support team for understanding the issue n solving it blink it is Tatti service",1,2026-04-21
App Store,"I have ordered large amount of groceries from here, and from last 2-3 months they are getting worse. Delivering leaked products, missing items and expired items. When I try talking to the customer team. The only thing they do is, if the product is out of stock, they will initiate refund but I donât know the logic behind the ârefund will initiate only after 5-7 days. I have paid from Google pay so the amount should be refunded on my Google pay then and there. however they do not initiate your refund as well and making us fool by marking refund initiated. Now talking about delivering expired item, today I got expired item twice after talking to customer team and I clearly told her not to send me expired item again but they did. My concern is if they donât have so and so items just mark that item as out of stock or else donât show that product. People will buy that product even if it is out of stock from your end. If you are really running a business, why to do this mistake again and again. 
Pathetic experience, disappointed, looting us and what not and also they are pricing the item way too much from the actual price.
This app is worst than instamart I swear!! 
STOPP THIS IMMEDIATELY OTHERWISE I WILL FILE A ONLINE COMPLAINT FOR LOTTING US AND SENDING EXPIRED ITEMS. 
And guys you will see the most recent reviews are all negative and bad. â ï¸ð¨",1,2025-02-14
Play Store,but few product state was high,5,2026-07-18
Play Store,it is best fast grocery delivery app,5,2026-07-18
Play Store,fast and save delivery products packing also good,5,2026-07-18
Play Store,good but no good,5,2026-07-18
Play Store,all products available,5,2026-07-18
Play Store,fast delivery and good quality all items,5,2026-07-18
Play Store,good it is very slow it waas giving me chicken caurry in 1 haur pls do fest delivery,5,2026-07-18
Play Store,Delivery time is very perfect and all items are also fresh.,5,2026-07-18
Play Store,Excellent for and easy mode of shopping. Quite helpful and handy too..,5,2026-07-18
Play Store,"First experience is best , lekin thoda middle class town me bhi service expand hona chahiye Best service for busy professional, Old age persons.",5,2026-07-18
Play Store,"they have shifted from being environment friendly with brown shopping paper bags to cheap plastic bags, this is making me shift completely from blinkit to other options",1,2026-07-18
Play Store,very good app better than zepto,5,2026-07-18
Play Store,fast delivery and service,5,2026-07-18
Play Store,I can't buy product from my blinkit money wallet,1,2026-07-18
Play Store,all product nice app,5,2026-07-18
Play Store,vegetables and fruits price very high range,1,2026-07-18
Play Store,"I have got promo code, but where to use is not mentioned in application, also no space to use it in Application",1,2026-07-18
Play Store,let's wait for delivery,5,2026-07-18
Play Store,very good and speedy delivery.,5,2026-07-18
Play Store,koi cheej proper nahi hoti na pekking hoti h packing bag bhi pehle 8 rupees ka tha ab 9 rupees ka h vo to chalo koi bat nahi par bad mea kam bhi ae koi bag bs ate ate ft jata h fir dustbin mea fenk di 9 rupees dustbin mea dog ke lie bon mngwai vo bhi loose peking mea pic mea koi or peking dikhai hui h,1,2026-07-18
Play Store,I am very happy for the service . it made grocery shopping very easy .thank you blinkit,4,2026-07-18
Play Store,My favourite app so far..,5,2026-07-18
Play Store,very nice experience,5,2026-07-18
Play Store,Swift delivery. Hassle Free.,5,2026-07-18
Play Store,Amazing Service Provided,5,2026-07-18
Play Store,Best app for shopping as it name states just like it work lots of things are available like all variety and quality,5,2026-07-18
Play Store,good service agents are friendly blinkit trustworthy,5,2026-07-18
Play Store,quick & easy to shop..,5,2026-07-18
Play Store,Excellent Platform and services,5,2026-07-18
Play Store,"It is a good platform but it sometimes send dirty chips and takes a little high delivery charge though it is good for a old,specially abled etc.",4,2026-07-18
Play Store,It's nice for emergency and you get advice of doc aswell when you order a medicine or smth related to it,5,2026-07-18
Play Store,Always try to fool customer using dark patterns,1,2026-07-18
Play Store,i like this app and the delivery boy iss very discipline and cool,5,2026-07-18
Play Store,Nice Job Keep it up,5,2026-07-18
Play Store,best app for any quick home remides,5,2026-07-18
Play Store,very good 👍 👏 👌 😀 ☺️ 🙌 👍 👏 👌 😀 ☺️ 🙌,5,2026-07-18
Play Store,"ഊമ്പിയ ആപ്പ്, ഒരു മൈരും കിട്ടാത്ത കുണ്ണകളുടെ ആപ്പ്, പൂറി മക്കൾ വെറുതെ നമ്മൾ മലയാളികളെ പറ്റിക്കാൻ",1,2026-07-18
Play Store,fantastic service,5,2026-07-18
Play Store,Bisleri bottles 10 litres I am being supplied are not found sealed on top cover/lid.How may I be assured about adulteration.,1,2026-07-18
Play Store,best aap for earlier delevery 🧿,5,2026-07-18
Play Store,parcel 📦 bag is not good for rain paper bag packing in rain is bad,2,2026-07-18
Play Store,very bad platform don't order this platform 😔😔,1,2026-07-18
Play Store,it's making our lives easy!! Amazing🤍,5,2026-07-18
Play Store,I am very happy with delivery on time.,5,2026-07-18
Play Store,to much expensive 😔,1,2026-07-18
Play Store,please fast received my order,5,2026-07-18
Play Store,improper response from customer care. which is undeniable I pay for what I receive and if the organisation is not gonna accept it's mistake then it's gonna fall to ground soon.. so let it learn soon or blinkit will be it so soon. hope they understand,3,2026-07-18
Play Store,super marvelous,5,2026-07-18
Play Store,good better best,5,2026-07-18
Play Store,supply items must be in there proper conditions,4,2026-07-18
Play Store,this app is very useful,5,2026-07-18
Play Store,I have observed that the free bees are not given in Hyderbad in the blinkit services as compared to Mumbai when it will show there as a free bee added it used to come along with the order but here it shows something else while ordering and receives something else or in many cases I have not received also....if dont want to provide the product what showing kindly do not display it in the cart.Thankyou.,3,2026-07-18
Play Store,life frist order in 10 minits.,5,2026-07-18
Play Store,marvellous services,5,2026-07-18
Play Store,everytime when i order something the items come very dirty sometimw item got damaged and i don't get refund,2,2026-07-18
Play Store,excellent platform,5,2026-07-18
Play Store,fastest delivery experience 👍🏻,5,2026-07-18
Play Store,bahut achcha hai yaar matlab ki Main shop per hun mujhe fir bhi Ghar baithe baithe dudh Mil Gaya Hai,5,2026-07-18
Play Store,Delivers damaged products and customer care denies any request of course doesn't want to exchange or return money and just keeps asking for reviews...what a joke this app has always been and just keeps apologizing without any resolution.. mediocre service,5,2026-07-18
Play Store,very fast delivery 🚚🚚🚚,5,2026-07-18
Play Store,no offers n too expensive,3,2026-07-18
Play Store,"Extremely disappointed with Blinkit's customer service. My order had missing accessories, and the product delivered was also defective. I shared clear video evidence immediately after receiving the order, yet Blinkit simply relied on the store's version and closed my complaint without properly reviewing the proof I provided. Their investigation appears to be one-sided, where the customer's evidence is ignored and the store's statement is treated as",1,2026-07-18
Play Store,they deliver an ambulance how amazing it is right 👍,5,2026-07-18
Play Store,It is a very good app it is so fast and easy to use and all things are available easily,5,2026-07-18
Play Store,Very good but needs delivary in villages also,5,2026-07-18
Play Store,best app for emergencies..must download!!,5,2026-07-18
Play Store,good and fastest service,5,2026-07-18
Play Store,delivery charges is very very high and the that we want is very low means i will want dairy milk the option is very low and not 10 20 rs direct 40 50 rs,2,2026-07-18
Play Store,worst app supports violence,5,2026-07-18
Play Store,"Horrible experience with charmwood bulbul market blinkit. All the time products coming dirty and messy.Biscuits and eggs broken, shampoo and oil leaked over all the food products. Happening most of the time...Total disgusted with this shop.Please close this shop.",1,2026-07-18
Play Store,great app and very useful for people in urgency. love it,5,2026-07-18
Play Store,fruits delivered was not in a eatable condition it's very earlier stage it's packed it's not eatable,1,2026-07-18
Play Store,it's very useful,4,2026-07-18
Play Store,fast service at time,5,2026-07-18
Play Store,Superb Service. Fast delivery. Friendly delivery partners.,5,2026-07-18
Play Store,totally satisfied,5,2026-07-18
Play Store,worst app always deducted amount and shows payment failed,2,2026-07-18
Play Store,blinkit is good,5,2026-07-18
Play Store,very good service,5,2026-07-18
Play Store,your packing style is very poor,4,2026-07-18
Play Store,nice app but location problem must be fixed,5,2026-07-18
Play Store,"nice app, movable super Market",5,2026-07-18
Play Store,items are too expensive as compare to flipkart and jio mart and collecting plateform fee is disgusting loot rahe hai ye log local shops are best,1,2026-07-18
Play Store,very useful full app really but the thing r sexpence... soo but it is soo good for emergency 🦺,5,2026-07-18
Play Store,very bad experience.. delivery boy has no sense of talking.,1,2026-07-18
Play Store,bht poor service operator behaviour is so disgusting. bht bekar platform h kbhi use mt krna order cancel khud hi krte h baad me pse bhi kaat lete h,1,2026-07-18
Play Store,"worst delivery app, all the time product received are damaged",1,2026-07-18
Play Store,best i love blinkit service,5,2026-07-18
Play Store,"I ordered at 4:52 in the evening and waited for almost 50 minutes before getting cancelled my order, during that i asked for the delivery executive safety, then when he was going in different direction and not answering the call, i asked them to reassign my order to someone else and keep trying to connect with him, and now they're not sending my money, stating it might take 4 to 7 days to return my money, Worst service",1,2026-07-18
Play Store,so helping app excellent 🫶🏻🫡,5,2026-07-18
Play Store,Awesome product quality 👌,5,2026-07-18
Play Store,please do bring more items,4,2026-07-18
Play Store,odar aayega to ham checking karege tab ham batayege,5,2026-07-18
Play Store,first time experience is good,5,2026-07-18
Play Store,i.. I am too lot happy and satisfy with blinkit delivery service,5,2026-07-18
Play Store,very expensive 😭,1,2026-07-18
Play Store,I like blinkit.very fast delivery and good condition every itams.,4,2026-07-18
Play Store,Excellent Service,5,2026-07-18
Play Store,the stupid app uses last ordered location and doesn't notify or remind user to change location if user is elsewhere. I accidentally ordered an item to an office address instead of apartment and the stupid app wouldn't allow me to cancel the order saying it was already on the way.,1,2026-07-18
Play Store,yah app chal hi nahin Raha Kisi bhi product ka image nahin a Raha es ap mai bohot jyda issues ho rhe hai mujhe,1,2026-07-18
Play Store,Overall great experience. Only problem is the high cost of ordering a small item. like if I order 20 rs item then the additional amount would add upto 50-60 in the final amount.,4,2026-07-18
Play Store,blinkit is a fabulous 🤩,4,2026-07-18
Play Store,map is too small for view delivery partner,5,2026-07-18
Play Store,best app and time savings and product colite is good😊😊😊😊,5,2026-07-18
Play Store,excellent service,5,2026-07-18
Play Store,best app for buy all products,5,2026-07-18
Play Store,Please Do Fast service,5,2026-07-18
Play Store,bad very bad 😤😤😤😤😤😤😤😤😤😤😤😤😤😡😡😡😡😡😡😡😡😡🤬🤬🤬🤬🤬🤬🤬🤬🤬🤬🤬🤬🤬🤬🤬🤬🤬🤬,1,2026-07-18
Play Store,"Best Service And Time Saving, No Traveling",5,2026-07-18
Play Store,very fast delivery,5,2026-07-18
Play Store,urgent needs became easy,5,2026-07-18
Play Store,Nice best product all time,5,2026-07-18
Play Store,order gets delayed,3,2026-07-18
Play Store,it's really nice,5,2026-07-18
Play Store,there is a problem with location tracking that leads to argument with delivery partner,3,2026-07-18
Play Store,very fast delivery,5,2026-07-18
Play Store,good very very good,5,2026-07-18
Play Store,available all the time,4,2026-07-18
Play Store,affordable price Blinkit,5,2026-07-18
Play Store,nice appppp🙃🙃🙃🙃😁😁😁,5,2026-07-18
Play Store,"not giving properly the coustomers product last time I ordered garlic,eggs, bread etc all things are damaged and delivered after 30 min very worst service",3,2026-07-18
Play Store,bro 150 min. rs thoda kam karo 100 karo yar jo cheese nehi mangana hai usko bhi magana padta hai so plz chage @blinkit and in ur poster 1st 10 delivery free for delivery charges but after 2 to 3 it was show why plz change yar people will be wrongly trust,3,2026-07-18
Play Store,aap log kuch bhi offer nhi dete,1,2026-07-18
Play Store,u don't give offers,3,2026-07-18
Play Store,Getting worse day by day and a bunch of entitled delivery partners. pathetic service even after being charged a premium.,1,2026-07-18
Play Store,no useful coupon or discount,3,2026-07-18
Play Store,"Packing shows that how the products kept, while ordering along with my order it was mentioned rusk as a free gift, which I didn't receive Tried to complain, but no results, only bot replying, and nothing about the free gift, I sent a picture of the package, but ok thank you mentioned, no action",1,2026-07-18
Play Store,i will give it five full,5,2026-07-18
Play Store,"amazing experience, quick delivery, and almost everything u need in minutes✨",5,2026-07-18
Play Store,price are too much,2,2026-07-18
Play Store,High charges and some times dilevery boy steal items,1,2026-07-18
Play Store,but the price is too higher,4,2026-07-18
Play Store,bhai delivery hone ke bad 5 start,4,2026-07-18
Play Store,very good and quick service,5,2026-07-18
Play Store,blinkit have option to slect something after the you confirmed order and they have cheap cosmetics and food item so I love blinkit,5,2026-07-18
Play Store,The return system us very spoiled after receiving a opened and missing food item,3,2026-07-18
Play Store,it's very fast delivery app,5,2026-07-18
Play Store,delivery service is not best,3,2026-07-18
Play Store,"giving one star becauz cannot give lower than that....worst experience, damaged product, worst delivery services and delivery partner ask for more money for delivering, On cancellation they charge extra fees as well...also map and current location is not working properly.",1,2026-07-18
Play Store,blinkit has made my shopping too much easy..Thank you☺️,5,2026-07-18
Play Store,"spoiled items delivered,i dont recommend to partner up with blinkit",1,2026-07-18
Play Store,Very Fast delivery 🚚. Awesome 😎 I like it ☺️ happy,5,2026-07-18
Play Store,I like this app so much is very affordable prices and the india best minute app,4,2026-07-18
Play Store,payment mode UPI payment not supported,2,2026-07-18
Play Store,happy with service,5,2026-07-18
Play Store,very good product,4,2026-07-18
Play Store,"fake, fraud app",1,2026-07-18
Play Store,oru 3 star kudukalm,3,2026-07-18
Play Store,very worst app. giving old items. I facing very bad experience with the delivery partners they are not coming to the location and asking us to come to the place where thay are. even we are staying in the main road they are not coming to the proper location,1,2026-07-18
Play Store,I've ordered countless times and faced 2-3 complaints which were solved by their customer care within the same day.True an app of convenience,5,2026-07-18
Play Store,"I have been using Blinkit for my groceries for a long time now, and I truly want to appreciate this amazing app. Blinkit has completely changed the way we shop for daily essentials. Earlier, going to the market for groceries meant spending so much time traveling, standing in long queues, and carrying heavy bags back home. But with Blinkit, everything has become so easy and convenient. Just a few taps on the phone and all our groceries are delivered to our doorstep. What Ito say your wow",5,2026-07-18
Play Store,service is the best i like it,5,2026-07-18
Play Store,"biscuit packets were broken and other product packets were oily, greasy and looks old packaging. make sure not to send old any old packets, also bread should be of todays date, fresh and soft.",3,2026-07-18
Play Store,"⚠️ Warning: Avoid buying electronic products from Blinkit. If you receive a defective item, don't expect Blinkit to help. They will simply ask you to visit the brand's service center instead of providing a replacement or refund. Extremely disappointing customer support and poor responsibility towards customers.",1,2026-07-18
Play Store,server is best but sometime drivers can't find the route,4,2026-07-18
Play Store,Delivery in 5-7 minutes,5,2026-07-18
Play Store,mujhe jis location p saman cahiye tha waha nhi mila... mera beta hospital m admit h uske liye fruits mangwaye the lekin inhone mere location btane k bad bhi ghr p hi bhej diya.,1,2026-07-18
Play Store,very fast delivery,5,2026-07-18
Play Store,not cancelled any order,1,2026-07-18
Play Store,super fast delivered,5,2026-07-18
Play Store,it is very useful don't think download 😌😌,5,2026-07-18
Play Store,"Very bad experience with Blinkit. I received a damaged/poor-quality product. When I requested a return, they rejected it without any proper reason. Customer support was not helpful. Fast delivery is useless if you don't support customers after delivery. I will not order from Blinkit again. and THEY WILL NOT ACCEPT YOUR RETURN IN ANY SITUATION. I AM LIVING THE BLINKIT",1,2026-07-18
Play Store,awesome service.,5,2026-07-18
Play Store,this app was very useful for me... Whatever I needed just came in 12 mins and also the delivery partners are very polite and graceful with us! we liked it! THANKS BLINKIT 💖❤️.... one more thing I'd like t tell us please teach delivery partners some manner not all the delivery partners but 2 yash and one more. thanku a lot blinkit 💗🙏💐,4,2026-07-18
Play Store,very bad service,1,2026-07-18
Play Store,very bad Customer support,1,2026-07-18
Play Store,best app ever the sales are amazing and and whenever i need something urgent it comes in minutes,5,2026-07-18
Play Store,"dissatisfied with product options like small quantity is not available and heavy price sangam standardised milk not showing in this app, can't we get it ??",3,2026-07-18
Play Store,VERY NICE APP FOR FAST DELIVERY 🚚,5,2026-07-18
Play Store,I am first order so discount price I am very happy so exallent blinkit app,5,2026-07-18
Play Store,loved your dedication of serving the people of india with your free service of ambulance ❤️,5,2026-07-18
Play Store,almost fake rating hai logo ko paisa deta hai a app Ek aadami Ko 100 rupiece pay Karte Hai rating dene ke liye five star rating deta hai yah aap mein bahut kharab item Hota Hai aur Jyada rate all item price hi Hota Hai iske liye yah aapse mat khareed lo dusra aapse purchase karo thank u,1,2026-07-18
Play Store,bhtt acha h blinkit bhuttt zyda aram mila ghr baite ajate sab chiz 👍👍👍vry nice,5,2026-07-18
Play Store,great app with surprize freebies to grab,5,2026-07-18
Play Store,it is very useful for me,5,2026-07-18
Play Store,Dishonest BOGO offer They use dark patterns with hidden T&Cs. And customer care refused a refund. CCPA should fine them for dishonest advertising.,1,2026-07-18
Play Store,best app and best service.,4,2026-07-18
Play Store,Best online groceries app,5,2026-07-18
Play Store,This app Delivers EXPIRED Products and try to fool their customers. When complained about some matters they try to give you piddly refunds and ask you to buzz off. DO NOT use this platform at all. Stay safe.,1,2026-07-18
Play Store,very nice and very fast,5,2026-07-18
Play Store,great experience,5,2026-07-18
Play Store,very good app for last minute emergencies,5,2026-07-18
Play Store,Very great service in my village,5,2026-07-18
Play Store,Handling charge is high,1,2026-07-18
Play Store,"⚠️ Beware of Blinkit's ""Buy 1 Get 1 Free"" offers. The free product is not added to your cart automatically. You have to add it yourself. If you aren't aware of this or simply forget to add the free item, Blinkit will deliver only one product—even though the offer is advertised as ""Buy 1 Get 1 Free."" Double-check your cart before placing your order to make sure the free item has been added.",1,2026-07-18
Play Store,on time very good,5,2026-07-18
Play Store,too many extra charges for customer,4,2026-07-18
Play Store,very good quality app,5,2026-07-18
Play Store,"zero rated, sjowing 20 min before ordering, delivered in 1 hour",1,2026-07-18
Play Store,mind-blowing ❤️,5,2026-07-18
Play Store,love blinkit all the time.,5,2026-07-18
Play Store,best in delivery superb,5,2026-07-18
Play Store,best sarvice appp❤️👍,5,2026-07-18
Play Store,"After placing an order, the time is shown as delivery in six minutes, but the order is delivered after half an hour. Are you misleading customers by saying that delivery will be done in six minutes after submitting the order?",1,2026-07-18
Play Store,awesome service,5,2026-07-18
Play Store,you didn't return money back on returned products,1,2026-07-18
Play Store,veri usable app,5,2026-07-18
Play Store,10min just wow 😲,5,2026-07-18
Play Store,nice delivery partner,4,2026-07-18
Play Store,very very bad app don't purchase anything there customer care soo bad,1,2026-07-18
Play Store,Give more discount and free delivery thank you,5,2026-07-18
Play Store,return policy not working,1,2026-07-18
Play Store,good service and well behaved delivery boys,5,2026-07-18
Play Store,very nice 🙂 useful app,5,2026-07-18
Play Store,best app for 10 minutes delivery,5,2026-07-18
Play Store,1 st order and delivery man did not return 30 rupees,1,2026-07-18
Play Store,also add cash in delivery at our first order,4,2026-07-18
Play Store,"awesome app, I can't live without this app..it's services are superb",5,2026-07-18
Play Store,i am a really forgetful person but with blinkit i can even order at night really useful and the quality us also super good of the products,5,2026-07-18
Play Store,return cotton mop refill issue,5,2026-07-18
Play Store,this is very good for groceries and it launch a ambulance service and I love it,5,2026-07-18
Play Store,exciting offers,5,2026-07-18
Play Store,blinkit ambulance 🚑 is best for saving a human life 🥹 Thanks Blinkit 🙏,5,2026-07-18
Play Store,very good sevice and behavior also very good Rahul,5,2026-07-18
Play Store,reate kam bta ke duguna lete h,2,2026-07-18
Play Store,Which dimbo thought that forcing an app download & account login was mandatory for tracking the order through the shared link. The whole point of sharing the link is that someone probably isn't a user and we ordered for them,1,2026-07-18
Play Store,"your app is good but the product especially perishable items like ghee, butter, milk, curd most likely from Amul was fake, I have got fake ghee mixed with wax, I have got fake butter again mixed with was, today I got amul dahi that was not dahi at all it was milk no smell no taste no cuddle like dahi. Pls do a quality check of the Products in your dark store",2,2026-07-18
Play Store,Best experience ever,5,2026-07-18
Play Store,very late delivery,1,2026-07-18
Play Store,I like how if they by mistake give the wrong order they make sure that the right one is given and are very cooperative the service is very good :),5,2026-07-18
Play Store,very nice and helpful the deliveries are on time 🤌🏻✨😊,5,2026-07-18
Play Store,Good service thanks blinkit☺️,5,2026-07-18
Play Store,some products are damaged.,1,2026-07-18
Play Store,you are the best ❣️,5,2026-07-18
Play Store,All needs are completed in 1 platform as you say prove it.thanks blinkit,4,2026-07-18
Play Store,very good. quick delivery,5,2026-07-18
Play Store,thanks you my area available,5,2026-07-18
Play Store,really immediately deliver is very good option like us who wants a thing immediately...,5,2026-07-18
Play Store,"The delivery boy was a bastard. He continuously rang the bell 6-7 times and then left the order on the stairs outside the house and ran away, any other person could have taken the said order. should be rated in minus",1,2026-07-18
Play Store,very good producte,5,2026-07-18
Play Store,so bad experience for blinkit,1,2026-07-18
Play Store,kuch staf ka behaviour thoda rud h,4,2026-07-18
Play Store,even faster then pizza delivery,5,2026-07-18
Play Store,delivery is very fast,5,2026-07-18
Play Store,not work in rural areas,2,2026-07-18
Play Store,good service 😊👍,5,2026-07-18
Play Store,Good App for Groceries fast delivery,5,2026-07-18
Play Store,sab se kharab aap hai yr Mera paise bhi blinkit wallet ma hai or oder bhi nhi ho rha hai or na hi customer support mil rha hai is se oder na kara blinkit ab tak ka sab se kharab hai,1,2026-07-18
Play Store,this is very respestfull aap and this give free delivery on first order when the order is 100 rupees,5,2026-07-18
Play Store,free main nhi milta kuchh 💔🥀,1,2026-07-18
Play Store,this app is very good for shopping 🛍️,5,2026-07-18
Play Store,very good service good product,5,2026-07-18
Play Store,why can't u add virudhunagar. then how can we use blinkit. if we are not available in the option.,1,2026-07-18
Play Store,not solve the problem and worst customer care experience.,1,2026-07-18
Play Store,"vegetables from here are always bad, neverrrrrrr ever order that from here.",2,2026-07-18
Play Store,blinkit good fast delivery 👍🏻,5,2026-07-18
Play Store,bad product deliver,1,2026-07-18
Play Store,it's really good and gives the things u need quickly overall it's 9.9 out of a 10,5,2026-07-18
Play Store,payment is taken in advance. No response from blinkit even after informing the issues.,2,2026-07-18
Play Store,price so high to much,2,2026-07-18
Play Store,loved this app 🤌🏻💛,5,2026-07-18
Play Store,very useful and excellent app👌🏻👌🏻,5,2026-07-18
Play Store,it resolve issues also,5,2026-07-18
Play Store,"people sell your near expiry products in market ,I want to buy your near expiry products,how to contact",4,2026-07-18
Play Store,The things I don't like in blinkit he take a payment online I love cash on delivery,5,2026-07-18
Play Store,"There is no customer support ,very bad service, and I am not able to connect to the customer care",1,2026-07-18
Play Store,it's good and reasonable,5,2026-07-18
Play Store,no customer service,1,2026-07-18
Play Store,wet and dry goods were put in the same bag...that caused the bags to tear...and was pretty heavy for each of the bags to hold the items...should be more careful specially during monsoons...,1,2026-07-18
Play Store,installed app but open no services this msg see it please early Service start our area thank you,3,2026-07-18
Play Store,good experience our city,5,2026-07-18
Play Store,"assured gift with purchased item is not delivered, informed that it is not possible to give free gift as it is not in stock and neither cancelling order . It is cheating with costomer.",1,2026-07-18
Play Store,after returning order the quality is too much good,5,2026-07-18
Play Store,"I love blinket , i get everything based on my requirement",5,2026-07-18
Play Store,service is very poor every time dilevery late,2,2026-07-18
Play Store,good service 💯💯,5,2026-07-18
Play Store,excellent service 💯,5,2026-07-18
Play Store,now delivery time increased to 14 before it was 8 min,1,2026-07-18
Play Store,Good app 👌 easy and secure,5,2026-07-18
Play Store,"Blinkit has honestly been one of the best apps I've ever downloaded, and it has completely changed the way I shop for groceries and everyday essentials. Before using Blinkit, I used to spend a lot of time traveling to stores, searching for products, waiting in long checkout lines, and carrying heavy bags back home. Now, everything I need is available right at my fingertips, and I can order it in just a few minutes without leaving my house. The entire experience is smooth and convenient",5,2026-07-18
Play Store,fast and furious,5,2026-07-18
Play Store,Great delivery compared to other like Flip zep swig etc,5,2026-07-18
Play Store,very bad experience. they have listed a lot of low quality products and when we want to return or replacement of item blinkit team said that we can not your help to return or replacement of products.,1,2026-07-18
Play Store,very nice and convenient as well as creative,5,2026-07-18
Play Store,"Excellent app! Super fast delivery, wide range of products, and very user-friendly interface. Orders always arrive on time, well packed, and in great condition. Customer support is also quick and helpful. Blinkit has made grocery shopping so convenient. Highly recommended!❤️❤️❤️",5,2026-07-18
Play Store,nice experience,5,2026-07-18
Play Store,everything was nice but there is not iPhone 17 Pro Max,4,2026-07-18
Play Store,very very good 👍,3,2026-07-18
Play Store,very helpful 😋 ......superb aapp very nice,5,2026-07-18
Play Store,super fast delivery,5,2026-07-18
Play Store,best and use full app and and not harmful app,5,2026-07-18
Play Store,showing 400 gm of pouch but deliver 200 g pouch,1,2026-07-18
Play Store,upto the mark 🙂,4,2026-07-18
Play Store,"Extremely frustrating customer service. If you receive a product that is damaged, sub-standard, or completely misses expectations, Blinkit offers no direct return option. When you raise a concern through the help section, you are connected to a support agent who just gives a generic ""we will take care of it in the future""response. They closed my support ticket without my consent, dropped the chat without offering resolution, and left me stuck with a poor product.Terrible policy & accountability",1,2026-07-18
Play Store,very good service,3,2026-07-18
Play Store,feel amazing experience with blinkit it is more convenient,5,2026-07-18
Play Store,good for emergency,5,2026-07-18
Play Store,on time delivery,5,2026-07-18
Play Store,nice app for speedy delivery,3,2026-07-18
Play Store,"very bad experience the persons who comes to deliver my parcel, is very rude and bad, and one time my product was delivered without a carry bag, his behaviour was very bad. There is no decency to talk I never order again on this app.",1,2026-07-18
Play Store,delivery is quick,5,2026-07-18
Play Store,good aap as a emergency key,5,2026-07-18
Play Store,they not provide what offered in app blinkit offer is a scam.,1,2026-07-18
Play Store,best app i ever use !!,5,2026-07-18
Play Store,Best at delivery in emergency 🚚,5,2026-07-18
Play Store,best for emergency printout...thank you blinkit,5,2026-07-18
Play Store,blinkit land sevis,1,2026-07-18
Play Store,i don't like it,1,2026-07-18
Play Store,really fast and have all the useful product 😃,5,2026-07-18
Play Store,"Fast delivery, good prices, and easy to use. Great app!",5,2026-07-18
Play Store,"not reliable anymore, milk is adulterated, packaging is not good things easily stolen by anyone.",1,2026-07-18
Play Store,good and fast service,5,2026-07-18
Play Store,good experience n quick service,5,2026-07-18
Play Store,too expensive for a single copy,2,2026-07-18
Play Store,Very nice Blinkit it keep it up like that 👍👍 your products are amazing,5,2026-07-18
Play Store,one product was missing,1,2026-07-18
Play Store,great to fast delivery while ordering product,4,2026-07-18
Play Store,COD not available,2,2026-07-18
Play Store,thankyou blinkit for being a life savour as delivering some important products on time which is very much needed..,5,2026-07-18
Play Store,overall good but return and exchange process is draining .,1,2026-07-18
Play Store,best app I have ever used 🥰🥰,5,2026-07-18
Play Store,very futurstic app with lots of varietiesof things,5,2026-07-18
Play Store,it's izee oder any time any way 🥰🥰🤞,3,2026-07-18
Play Store,"I am extremely disappointed with the quality of the wood apple I received from Blinkit. As shown in the attached photos, the fruit was completely rotten, covered with mold, and unfit for consumption. This is a serious quality control failure. Delivering spoiled food is unacceptable and can pose a health risk. I expect a full refund and request Blinkit to improve its quality checks to ensure customers do not receive rotten products in the future.",1,2026-07-18
Play Store,🫶 i yam byng in tu my order ds app orders very fast in my home and every item correctely and fresh fruts and vegetables lo praises cheep and best download di link 😇🥰,5,2026-07-18
Play Store,good and nice its deliver any whats need in home vry fast,4,2026-07-18
Play Store,not good no option to cancel an order support team says unable to cancel,1,2026-07-18
Play Store,very very helpful app🥰,5,2026-07-18
Play Store,Good for everyone,5,2026-07-18
Play Store,Good Product and fast delivery,5,2026-07-18
Play Store,best delivery service,5,2026-07-18
Play Store,fastest delivery app and budget Friendly,5,2026-07-18
Play Store,because blinkit on free delivery,4,2026-07-18
Play Store,too much expensive. sometimes even quality is compromised.,3,2026-07-18
Play Store,it's a esay way,5,2026-07-18
Play Store,D elivery boy was annoying,3,2026-07-18
Play Store,Home delivery to good,5,2026-07-18
Play Store,chor delivery boy,1,2026-07-18
Play Store,best app for fast delivery,5,2026-07-18
Play Store,too many hidden charges packing is not good items are not cleaned,2,2026-07-18
Play Store,it gives broken items and expired products 😡,1,2026-07-18
Play Store,"some times orders are leaking and eggs are damaged, no delivery boy help to complaint",1,2026-07-18
Play Store,Very Good And Comfortable For Every Times,5,2026-07-18
Play Store,"Very bad service, they gave us melted ice cream and the can was brimmed with dirt, the delivery person claimed he couldn't pick 2 more of our stuff",1,2026-07-18
Play Store,super app nd service,5,2026-07-18
Play Store,Blinkit is an awesome fast delivery with good staff nature as well.,5,2026-07-18
Play Store,I like this app bahut achcha hai yah app,5,2026-07-18
Play Store,they are cheaters.they are selling 50 rupees 3 quality coconut in name of tender coconut for 85 rupees.fraudsters.verybpoor service,1,2026-07-18
Play Store,not good app is a very bad service not refunded quary Solve this app not refunded,1,2026-07-18
Play Store,"Consistently bad supply for vegetables and fruits. Had to throw some away multiple times. Not to mention their terrible customer support. Failed to deliver a product in its entirety and expected me to wait for a delivery executive to come pick up ONE SINGLE portion of the multi-pack I had ordered and then sit and wait again for a replacement. ""Sorry this is the only resolutions. Cannot refund your money."" Yes, big corporate—inconvenience the customer for your inefficiency. All in a day's work :)",1,2026-07-18
Play Store,Very good service,5,2026-07-18
Play Store,worst experience of blinkit never order from blinkit,1,2026-07-18
Play Store,got my orders just in minutes.i really loved it. all the delivery mans are also so nice and kind,5,2026-07-18
Play Store,"Hello Blinkit Team, I was excited to use the app because of its quick 10-minutes delivery service, but I was disappointed to find out that your service is currently unavailable in my location. I really like the idea of quick grocery delivery and hope that Blinkit will expand to more areas soon. It would be great if people in my area could also enjoy the convenience that Blinkit offers. Thank you.",5,2026-07-18
Play Store,every time delay and short of stock,1,2026-07-18
Play Store,loving this app..this has made my life so easy,5,2026-07-18
Play Store,"your executives are in such a hurry to cancel and refund money,, so poor",1,2026-07-18
Play Store,this app is bad it not supports return policy,2,2026-07-18
Play Store,mara bhai bahut achcha hai app☺️☺️,5,2026-07-18
Play Store,Absolutely disappointed. There's no proper channel for customer care service or phone numbers or anything like any assistance. I have been waiting for my refund for the past 10 days and i still haven't received it yet. I had ordered like on the 8th July . The email that doesn't work. I don't even know who to contact. Please make a proper channel to connect with designated people and help lines and I'm still waiting for my refund. Please give me a proper channel so I can mail or talk to someone.,1,2026-07-18
Play Store,The charges in the name of tax is so high that you can't even imagine!,1,2026-07-18
Play Store,Good and Fast Delivary and Fresh items Madanapalli Blinkit is good and fast service (in 8 mins) Delivary,5,2026-07-18
Play Store,amazing delivery aap 😍,5,2026-07-18
Play Store,blinkit is very nice affordable and very fast delivery i gave this app 5 star,5,2026-07-18
Play Store,to slow application,1,2026-07-18
Play Store,so far so good 🤏🤏🤏❤️,5,2026-07-18
Play Store,excellent service highly recommended,5,2026-07-18
Play Store,has good offers at good prices,5,2026-07-18
Play Store,excellent service,5,2026-07-18
Play Store,👍 good fast excellent,5,2026-07-18
Play Store,"This was my first time using the Blinkit app, and it was a very disappointing experience. I placed multiple orders, but only two of them were delivered while the remaining items were not. The store manager couldn't even provide clear information about whether I would receive a refund for the undelivered products. Overall, the service was unprofessional and frustrating. My first experience with Blinkit was very poor, and I expected much better.",1,2026-07-18
Play Store,some fruits and vegetables had insects in them....,2,2026-07-18
Play Store,too soon. this is just first order,3,2026-07-18
Play Store,delivery charges jyada hai,1,2026-07-18
Play Store,fast and furious,5,2026-07-18
Play Store,The app shows Re.1 a list products for orders above Rs.99. But these product never get delivered. it is cheating.,1,2026-07-18
Play Store,Good response go for it 👍,5,2026-07-18
Play Store,fraud hai ye damge maal bhejta hai I am not chenge my review fraud blinkit never order any item on blinkit,1,2026-07-18
Play Store,false delivery time commitment. even some time vegetables are not fresh.,2,2026-07-18
Play Store,very fast delivery,5,2026-07-18
Play Store,"The app shines in convenience and speed, but users frequently flag issues with damaged products, missing items, and slow customer support.The Pros:Unmatched Speed: Users consistently praise the platform for lightning-fast deliveries of daily essentials, like milk, snacks, and fresh produce.Vast Inventory: It offers a massive catalog, ranging from groceries and electronics to printouts and festive gifts. ______THANK YOU __________.",5,2026-07-18
Play Store,Bahut accha h blinkt,5,2026-07-18
Play Store,mind blowing!!! 😁👌🏻,5,2026-07-18
Play Store,a nice platform for quick delivery a bit costly but all over it is good app,4,2026-07-18
Play Store,worst app ever again nd again payment issue on this app don't use it😡😡😡😡😡😡,1,2026-07-18
Play Store,"""I accidentally added ₹295 to my Blinkit Wallet via UPI today. The wallet balance is unused. Please refund it to my original payment source.""not refunded",1,2026-07-18
Play Store,good in emergency,4,2026-07-18
Play Store,"We don't have the blinkit service in our area, but I'll give five stars.",5,2026-07-18
Play Store,this experience is so good but I don't like one thing my order is seen it will give me at 8 minutes but the order come after 15 minutes and please don't do that handling charge but I like this so much and I am thinking I will give him you means four and half star this is good for your app this make easy to order all things this is so incredibly good I like it I appreciate but please make my words carefully,4,2026-07-18
Play Store,I like blinkit 👌🏻,5,2026-07-18
Play Store,there is no return option,2,2026-07-18
Play Store,Experience in T2 Mumbai all new store of blinkit,4,2026-07-18
Play Store,you want to try,4,2026-07-18
Play Store,very bad customer service. I ordered 2 packets of chicken from different brands. they want to cancel but couldn't tell me which packet. they just hung up.,2,2026-07-18
Play Store,Blinkit the great app 👍 ❤️,5,2026-07-18
Play Store,is so help fully,3,2026-07-18
Play Store,excellent service by blinkit,5,2026-07-18
Play Store,minddddd blowingggggg,5,2026-07-18
Play Store,best halp full app,4,2026-07-18
Play Store,good The price is very good.....,5,2026-07-18
Play Store,It is difficult to find the cancel button of search order in interface,5,2026-07-18
Play Store,it's very good app i really like it 😃,5,2026-07-18
Play Store,very expensive site to buy,1,2026-07-18
Play Store,Return not allowed this app.,1,2026-07-18
Play Store,very good and excellent service 👍 nice app,5,2026-07-18
Play Store,proper product not delivered,1,2026-07-18
Play Store,"Very good quality product i receive every time. I prefer blinkit , whenever I run out of time .thanks blinkit",5,2026-07-18
Play Store,if you received damaged item its your fault and you won't receive any kind of compensation according to this platform,1,2026-07-18
Play Store,fully satisfied,5,2026-07-18
Play Store,All things on market price is available.,3,2026-07-18
Play Store,service is fast,5,2026-07-18
Play Store,no veriety and costly items,1,2026-07-18
Play Store,due to mis handling maximum eggs are Brocken. poor delivery experience.,1,2026-07-18
Play Store,it's too good and very helpful..,5,2026-07-18
Play Store,Great app which saves my daily hassle.,5,2026-07-18
Play Store,Dependable and fast service. Like it.,4,2026-07-18
Play Store,very good service 💯,5,2026-07-18
Play Store,the Virtual assistant of this app is useless. they are unable to process any issue and neither do the app have an option to directly contact a human agent to resolve delivery issues. very bad experience.,1,2026-07-18
Play Store,handling charge is a scam. product prices are more than other platforms.,2,2026-07-18
Play Store,solid online shopping with time bound delivery,5,2026-07-18
Play Store,"very bad service I have purchased a mouse through blinkit before 2 day but it's not working properly, i have raised request for change or return they denied, it has 7 day replacement and one year warranty, don't buy anything from blinkit from blindly, also don't buy portronics accesories. from today onwards I have uninstalled blinkit app",1,2026-07-18
Play Store,I wanted to change address which was 500km far away but there was no option of cancellation 😡😡😡😡😡😡,2,2026-07-18
Play Store,simply amazing !,5,2026-07-18
Play Store,excellent service 👍🏿,5,2026-07-18
Play Store,delivery time is more than expected,1,2026-07-18
Play Store,damaged products arrived . Amul masala chaas packaging damaged.pl exchange. earlier eggs half were rotten. no response to complain.,1,2026-07-18
Play Store,best delivery platform ever,5,2026-07-18
Play Store,Very useful......👍🏻😊It's really the last minutes app....,5,2026-07-18
Play Store,Thanks a lot blinkit ❤️ for the first time I ordered medicines from blinkit and what surprised me is that it provides free doctor consultation.,5,2026-07-18
Play Store,no love for customer.,2,2026-07-18
Play Store,good app I appreciate this app I order so many orders all are comes good,4,2026-07-18
Play Store,"best service , fast delivery thanku blinkit ❤️🤗",5,2026-07-18
Play Store,absolutely amazing,5,2026-07-18
Play Store,don't use the app it's a scam I ordered a dubstep squad m7 wired earphone and it has 7 days replacement and 6 month warrenty the same day I ordered i face the issue of reverse audio direction but the customer care team said that the issue is not viable or genuine and refused to give replacement. Anybody reading this comment it's my personel suggestion what is the point of ordering here when it use your money and don't give a damn about anything else I say save your money from this greedy app.,1,2026-07-18
Play Store,"very useful and helpful application, anyone can get things when they are unable to get by their self. thank you Blinkit team.",5,2026-07-18
Play Store,More good... especially in the last minute shopping 🫡,5,2026-07-18
Play Store,"""The service is very good. Occasionally I receive a damaged item, but returns and refunds are processed promptly after I report the issue.""",4,2026-07-18
Play Store,"product is unavailable after ordering it, what is this",1,2026-07-18
Play Store,great delivery process and great marketing strategy,5,2026-07-18
Play Store,It doesn't receive order from my address whereas neighbours receive order. App says area is unserviceable. I am not happy with Blinkit App. Pls check your serviceable area list.,1,2026-07-18
Play Store,"it is really useful all the time, especially in difficult moments of problems",4,2026-07-18
Play Store,awesome you are doing great job helping other keep doing it,5,2026-07-18
Play Store,best app in my life,5,2026-07-18
Play Store,very faster service 🐕‍🦺,5,2026-07-18
Play Store,There are a lot of issues when returning any product.,1,2026-07-18
Play Store,Good to order here,5,2026-07-18
Play Store,greatest delivery app,5,2026-07-18
Play Store,In cities the experience is better but it can be excellent if it's opened in towns also,4,2026-07-18
Play Store,"this helps a lot in odd situation, thank blinkit😘",4,2026-07-18
Play Store,Mera Paisa refund nahin Hai chor company hai,1,2026-07-18
Play Store,"it's a really good app for fast delivery and I like it alot ,I have been using blinkit to buy things recently and it's really helpful. But I won't give it a 4 star review cause it's not available in my area 😕 I have to purchase items when I am outside or at college,cause blinkit is not available in my area. So please do something",4,2026-07-18
Play Store,provide rotten items...very bad smell..after throwing in garbage they asked for live image,1,2026-07-18
Play Store,everything is expensive. i ordered some groceries. the same things total is less than 600 at other platforms when I checked later but on blinkit it costed 900+. the only catch was it had a tag *organic on it. dammmmmm...n,1,2026-07-18
Play Store,fast delivery and fresh items and good quality,5,2026-07-18
Play Store,very good online marketing option,5,2026-07-18
Play Store,a humble request from blinkit to there are less items of man matters so please add more items related to man matters brand as soon as possible,3,2026-07-18
Play Store,the plastic used for packing is carelessness they are not planet friendly,3,2026-07-18
Play Store,.fast dilevery is soo good if you are not going outside ...,5,2026-07-18
Play Store,excellent services,5,2026-07-18
Play Store,fake app totally garbage all food expired too much rude behaviour for coustomer service,1,2026-07-18
Play Store,Awesome always fresh milk i received through blinkit!,5,2026-07-18
Play Store,lemme cancel the orders unless it's dispatched bruv,1,2026-07-18
Play Store,nice service so far,4,2026-07-18
Play Store,nice and easy placing my order,5,2026-07-18
Play Store,good experience,5,2026-07-18
Play Store,Very convenient,5,2026-07-18
Play Store,Worst worst worst....not to use this in my life time even if in the entire world only this app is available...half star,1,2026-07-18
Play Store,medicine price very high no discount,1,2026-07-18
Play Store,"Onions were missing from my order, but no refund was ever issued. Blinkit grievance redressal bluntly said everything was delivered. Refused to provide any concrete evidence such as CCTV footage of the packaging all items or the doorstep delivery photographs. These people have become so cheap that they have started stealing. Be cautious always make a video in the presence of their delivery partners to verify all items are being delivered to you or not. Shameless Blinkit",1,2026-07-18
Play Store,Good Quality Products at reasonable prices. And Fast delivery!!,4,2026-07-18
Play Store,"good app for shopping and enjoying incredible service provided by blinkit. and also provide great Blinkit Ambulance service. facing issues by only warehouse members, they provide multiple times wrong items.",5,2026-07-18
Play Store,it deliveres all correct items we ordered,5,2026-07-18
Play Store,"Very poor service, customer care is the worst. Many products are duplicate. I just had faced the issue",1,2026-07-18
Play Store,no cash on delivery at 7 am the aap is very bad 😠😠😠😠😠😠😠😠😠😠😠😠😠😠😠😠😠😠😠😠,1,2026-07-18
Play Store,very very like app,5,2026-07-18
Play Store,good and fast delivery and also good 24 hr help,5,2026-07-18
Play Store,too much costly product,4,2026-07-18
Play Store,good app for groceries,5,2026-07-18
Play Store,useful for everyone,4,2026-07-18
Play Store,I get good experience but something missing 👍,4,2026-07-18
Play Store,"the app is not lagging, the speed at which they come is very fast",5,2026-07-18
Play Store,"so convenient, easy and quick for a mother like me, thank you so much for existing 🫶🏻🤗 your app is very user friendly and easy to operate and I like the most is there is so much variety available in every category 👍🏻 i enjoy shopping here 🤗",5,2026-07-18
Play Store,very quick delivery,5,2026-07-18
Play Store,more price in delivery charge and product,2,2026-07-18
Play Store,no any choice just blinkit the items may be little expensive but if u need fresh the good choice is blinkit,5,2026-07-18
Play Store,good experience,5,2026-07-18
Play Store,excellent service,5,2026-07-18
Play Store,Nice and Fast delivery,5,2026-07-18
Play Store,delivers on time,4,2026-07-18
Play Store,it is very well blinkit services for us,5,2026-07-18
Play Store,कल रात को जो भी प्रोडक्ट खरीदे उन सबका जब मैनें टोटल किया क्यो कि मुझे जिलेट रेजर पर 400रूपये का स्पेशल आफर मिला था मैनें एड भी किया था पर आया नहीं तो मैनें आज पहली बार जब बिल् मे लिखे अमाउंट को जोडा तो टोटल 2569आ रहा है और आपकी ऐप पर टोटल 2623आ रहा है जिस पर कि हम सभी कस्टमरस विश्वास करते है और आन-लाइन पे कर देते हैं बिना चेक किये।20 रू मैंने टिप अलग से दी थी यह 54रू ज्यादा क्यों लिये हैं अब मुझे सब आर्डर का बिल चेक करना होगा कोई शिकायत हो तो किस से करे एक बार मंगाया कुछ था डिलीवर कुछ और किया,1,2026-07-18
Play Store,"Fynel was mixed with all the food items, soap, surf and fynel should be separately packeted, already mentioned what you expect what should I write here",1,2026-07-18
Play Store,good experience,5,2026-07-18
Play Store,"Thank you Blinkit, you provided a free ambulance. Thank you once again.""",5,2026-07-18
Play Store,"I have submitted a complaint, and despite providing comprehensive photographic and video evidence of the damaged product, I have yet to receive a satisfactory response.",1,2026-07-18
Play Store,delivery not possible this area,1,2026-07-18
Play Store,my favourite apps,5,2026-07-18
Play Store,appears on time,5,2026-07-18
Play Store,we really like your service too much but the extra handling and convenience charges are not fair all the time.,5,2026-07-18
Play Store,mind blowing service 😙😁,5,2026-07-18
Play Store,very useful app,5,2026-07-18
Play Store,"best platform for all work,,, thanks 🙏 blinkit",5,2026-07-18
Play Store,"A very good alternative when you are unable to reach local marketplace or you have to purchase something urgently and you have less time. Packaging is satisfactory. Products are mostly good with rare exceptions in the electronics category. However, it is no doubt expensive and majority products are overpriced. All in all, a savior when it comes to ordering things within time constraints or when you are just feeling lazy to go out.",4,2026-07-18
Play Store,worst service in hanumangarh,1,2026-07-18
Play Store,quality bahut badhiya tha,5,2026-07-18
Play Store,very fast service.,5,2026-07-18
Play Store,"all the orders have started getting late for no particular reason, plus now days most of the delivery partners are young and rude.",1,2026-07-18
Play Store,"don't buy from them,they are started sending damaged and expired products",1,2026-07-18
Play Store,awesome to use and quick delivery,5,2026-07-18
Play Store,best delivery 👍,5,2026-07-18
Play Store,The Blinkit are really good. I loved the quality,5,2026-07-18
Play Store,maximum time sent damaged or wrong and missing order,1,2026-07-18
Play Store,best app ever 💯,5,2026-07-18
Play Store,late night service slow,1,2026-07-18
Play Store,two times my money scammed,1,2026-07-18
Play Store,items not as per customer want,1,2026-07-18
Play Store,experience is quite good 😊,5,2026-07-17
Play Store,please be on time & original items are good condion,5,2026-07-17
Play Store,very good service 😃😃😃😃😃,5,2026-07-17
Play Store,good experience ♥️,5,2026-07-17
Play Store,good cash on delivery at night 😉❤️,5,2026-07-17
Play Store,perfect I love ❤️ it,5,2026-07-17
Play Store,"worst service, Always delay. No value for time. bhai jb nhi ho pa rha hai tb kyu delivery k liye promise kr rhe ho. Itni badi company ho gyi hai Time ki value kro.",1,2026-07-17
Play Store,blinkit is bad delivery,1,2026-07-17
Play Store,rates High compared to zepto 100 % zepto bettr then blinkit don't use blinkit 👎🏻,1,2026-07-17
Play Store,"I ordered pack of 3 chips , delivered quantity was only 2. Updating my review. The overall service and delivery experience were great. However, there is still room for improvement in order accuracy at the ground level to ensure every item is packed correctly. I hope Blinkit continues to improve this aspect and maintain its excellent service. Overall, a positive experience. Thank you!",4,2026-07-17
Play Store,veri nice blanket you are fast service,5,2026-07-17
Play Store,very fast delivery,5,2026-07-17
Play Store,very rude delivery partners,1,2026-07-17
Play Store,totally fraud and scam in your Blinkit application and item,1,2026-07-17
Play Store,service is very good 👍,5,2026-07-17
Play Store,delivery charge slight high,4,2026-07-17
Play Store,there should not be a surcharge,1,2026-07-17
Play Store,Awesome Service # bole to A++,5,2026-07-17
Play Store,it is a good app 🤩🥳🥳🥳🥳🥳🥳🥳🥳🥳🥳🥳🥳🥳🥳🥳😊😊😊😊😊😊😊😊😊😊😊😊😊😊☺️☺️☺️☺️☺️☺️☺️☺️☺️☺️☺️☺️☺️☺️☺️,5,2026-07-17
Play Store,Best Last Minute App !!! i've orderd many things but Blinkit dosent disapoint me anytime,5,2026-07-17
Play Store,poor....custome care doesnot pick up,1,2026-07-17
Play Store,"fast Delivery, Pretty good service And perfect quality of products👍🏾🥰",5,2026-07-17
Play Store,The app is good but the delivery service is very unprofessional the delivery guy pick up the call and started talking rubbish and hung up after then I call him again but no response.....,2,2026-07-17
Play Store,delivery always delayed,1,2026-07-17
Play Store,very quick and good response from delivery partners,5,2026-07-17
Play Store,online payment service not properly working,5,2026-07-17
Play Store,good experience 😁,5,2026-07-17
Play Store,they don't deliver at door step and the app say it's should deliver at doorstep so I don't like it to go outside and fetch up my delivery,2,2026-07-17
Play Store,very poor customer service and doing fruads,1,2026-07-17
Play Store,Bahot kharab rasan ka item ka quality deta ha,1,2026-07-17
Play Store,very good blinkit this app is good product very good,5,2026-07-17
Play Store,apsolute cinime app ✋😎🤚,5,2026-07-17
Play Store,really amazing aap but it would be better if the address change is a bit easy. I faced the problem there. all in all I loved the experience,5,2026-07-17
Play Store,There are no guarantees for products genuine ness. kindly make sure while doing such orders due such instance it made me mentally harassed on that day as it took 3 hrs to convince the concierge that the product is not genuine.,1,2026-07-17
Play Store,I like app but product price is high as compare to real price otherwise I like so much it is very helpful,4,2026-07-17
Play Store,This app help ous to get something which we want in minutes it delivers orders in minutes but if you are thinking that delivery boy come on time in bad weather conditions then you are wrong. But I love this app services and behaviour because I am start using this app january 2025 but this app never disappoint me and you also Thank you,5,2026-07-17
Play Store,the delivery boy is in fully drunken stage getting lot of alcohol smell from mouth and i want raise a complaint in blink it app but there no option in the app to complaint,1,2026-07-17
Play Store,बहुत सुंदर aap है,5,2026-07-17
Play Store,1000 star for blinkit ambulance they so supportive to India keep going.🙌🙌❤️‍🔥💯,5,2026-07-17
Play Store,good for big orders,4,2026-07-17
Play Store,very good service,4,2026-07-17
Play Store,This app is very useful,5,2026-07-17
Play Store,they blindly deliver expired products..please check before consuming,1,2026-07-17
Play Store,Always Unserviceable area,1,2026-07-17
Play Store,Superfast Delivery of ordered products. I am delighted about quality & speed of the service.,5,2026-07-17
Play Store,delivery boy did not give my parcel even I paid online payment .,1,2026-07-17
Play Store,best app service when u are stuck in the middle 😅. ngl everything in this app is amazing 🤩,5,2026-07-17
Play Store,Better than all Insta delivery apps,5,2026-07-17
Play Store,blinkit is very useful and very nice online delivery app 😊,5,2026-07-17
Play Store,nice but powerfull experience,5,2026-07-17
Play Store,I'm absolutely glad that I'm in peace.....,5,2026-07-17
Play Store,my experience is very bad products pricess are very high and delivery timing is so late I don't think so it's good and beneficial aap worst experience I will never use this app again in future there is no customer service facility if you face any kind of problems regarding order and delivery there is no customer service is available worst app I hate this app,1,2026-07-17
Play Store,"ordered item and delivered is diff, agent also not helped",1,2026-07-17
Play Store,give fast service and good thing but the problem is that the product are costly,4,2026-07-17
Play Store,not good but ok,3,2026-07-17
Play Store,best service before the time order in hand ☺️,5,2026-07-17
Play Store,best service ever 🙌,5,2026-07-17
Play Store,very good service i have left using another e commerce site because they delever my products very fast. I am very satisfied via blinkit and it's delever boy. my recommendation is you can order tenson free via this e commerce,5,2026-07-17
Play Store,fast use app very good👍👍,4,2026-07-17
Play Store,easy to oder and fast delivery,5,2026-07-17
Play Store,Good and easy survice,5,2026-07-17
Play Store,"stop blinkit app, sending expired items and not receiving calls.",1,2026-07-17
Play Store,blinkit is amazing 😍,5,2026-07-17
Play Store,"it didn't cancelled my order , very disappointed",1,2026-07-17
Play Store,"worst app ever i clearly recived the wrong product but they couldn't see the ""issue"" use instamart instead better that this and the support is just waste ot time dont order expensive things you might get scammed i hope this helps",1,2026-07-17
Play Store,very good app..many gifting options also available here only but not much options for coupons,4,2026-07-17
Play Store,blinkit is a really a bad app 😠,1,2026-07-17
Play Store,समान खरीदो तुरंत मिल जाताहै,5,2026-07-17
Play Store,very bad service do not trust with them,1,2026-07-17
Play Store,Flipkart is not charging the high price and handling charge is not applicable.,3,2026-07-17
Play Store,this app is good but they take minimum ₹200 item for free delivery and they handle it properly.,5,2026-07-17
Play Store,very worst service ever.,1,2026-07-17
Play Store,It's good to deliver fast but in policy of 10 min delivery please take care of delivery person .... order can be taken late but life of someone child is precious,4,2026-07-17
Play Store,excellent service by blinkit anytime anywhere and anything. I love blinkit.,5,2026-07-17
Play Store,best app best app,5,2026-07-17
Play Store,fast delivery and large choices of grocery,5,2026-07-17
Play Store,blinkit is not available in my city how am I supposed to rate the app,1,2026-07-17
Play Store,wonderful services,5,2026-07-17
Play Store,best online shopping aap over all world,5,2026-07-17
Play Store,fraud company.... 20-20 ki chori krte hai yeh chor cancel pe....,1,2026-07-17
Play Store,fast time use this application,3,2026-07-17
Play Store,bad very bad experience no cc support .,1,2026-07-17
Play Store,it is a good app and sometimes have good delivery boys and sometimes bad delivery boys but it is a good app it gets our item fast,4,2026-07-17
Play Store,is time blinkit apne service pe dhayan nhi de raha hamesha sara order late aata h,3,2026-07-17
Play Store,write order app,5,2026-07-17
Play Store,i like blinkit because blinkit provide very fast delivery,5,2026-07-17
Play Store,this app has fast delivery,5,2026-07-17
Play Store,I like this app but I have a problem 😕 that is the app is taking very high deliver tax please low the tax,5,2026-07-17
Play Store,worst app in terms of customer support,1,2026-07-17
Play Store,very good and fast service,5,2026-07-17
Play Store,very good service 👍i m happy blinkit service,5,2026-07-17
Play Store,it's was to good,5,2026-07-17
Play Store,Vary high price,1,2026-07-17
Play Store,randomly changing prices,1,2026-07-17
Play Store,delivery is very fast and always on time,5,2026-07-17
Play Store,best experience,5,2026-07-17
Play Store,good and fast move,5,2026-07-17
Play Store,expensive take extra money 😒,2,2026-07-17
Play Store,very nice delivery app,5,2026-07-17
Play Store,nice app for products and food delivary in less time🙂🙂,5,2026-07-17
Play Store,very nice service,5,2026-07-17
Play Store,very fast delivery,5,2026-07-17
Play Store,thanks blinkit for best delivery service.,5,2026-07-17
Play Store,"i am very happy that in India Blinkit gives free services of ambulance. Our Government not giving us this type of opportunity but Blinkit,CAN 🙂",5,2026-07-17
Play Store,blinkit service is so awesome.,5,2026-07-17
Play Store,worst experience ever they don't refund replace or return it's just pathetic and over expensive for no reason at all it's better to use zepto or any other app than this,1,2026-07-17
Play Store,"Blinkit cheated instead of American Corn they send indian Desi Corn , Also when I speak with their Customer service team they told Corn were not the part of Order",1,2026-07-17
Play Store,fastest delivery 🚚,5,2026-07-17
Play Store,On time Delivery 😊👌👌,5,2026-07-17
Play Store,last minute app,5,2026-07-17
Play Store,"Aaj 17 July 2026 Time 8:30 PM Maine kuch order Kiya Blinkit se total 178 rupees the. Maine Delivery wale bande ko 200 ka note diya Tabhi usne bola "" Bhai khulle do "" Sourav hai uss delivery partner ka naam. Bhai isme main aur kya khulle du. 200 mein se 178 kaatne hai bas. Inke pass 1 rupa tak khulla nahi hota. Agar Online payment hi receive karte hai toh Blinkit mein "" Cash on Delivery "" ka option kyu Diya hai ? Wo wapis chala gya aur mera order cancel kar diya. Really Terrible Service.",1,2026-07-17
Play Store,very nice app and fast delivery,5,2026-07-17
Play Store,I have ordered the green peas and the service was very slow and the peas were too rot and had a very bad smell,1,2026-07-17
Play Store,no returns for normal items. no support . always charges delivery and handling. pathetic. zepto is much much better,1,2026-07-17
Play Store,Good Service Support.,4,2026-07-17
Play Store,worst experience with costumer support,1,2026-07-17
Play Store,very good service with fast delivery,5,2026-07-17
Play Store,"very well-done aap, wonderful",5,2026-07-17
Play Store,The delivery charges are too high.,1,2026-07-17
Play Store,best minutes app,5,2026-07-17
Play Store,"Fast delivery, absolutely love it my all time favourite",5,2026-07-17
Play Store,good service for everyone . very useful,5,2026-07-17
Play Store,not a proper response from customer care,1,2026-07-17
Play Store,it is good and fast but sometimes it make mistakes . 🙂,4,2026-07-17
Play Store,very good service,5,2026-07-17
Play Store,very good experience,5,2026-07-17
Play Store,very good service,5,2026-07-17
Play Store,cold drink verry bad tast,5,2026-07-17
Play Store,"sometimes it accepts my location and order get confirmed, but when order get dispatched it shows we do not deliver here at current time , and i can't access the app. It didn't open to track my order. sometimes I can order but mostly I can't place my order from my location. Please increase your delivery radius so it can cover my location. I hope you will consider me",2,2026-07-17
Play Store,it's very good and well app,5,2026-07-17
Play Store,It's the Ronaldo of all quick commerce apps🐐🙌🏻,5,2026-07-17
Play Store,delivery was fast. but I have issue with packaging of the whole order. your paper bag gets teared everytime until it reaches to my door. why am I supposed to pick up my ordered items from the floor. please improve your delivery paper bag quality.,1,2026-07-17
Play Store,Excellent job..getting things on time and effortlessly 🥰,5,2026-07-17
Play Store,very nice good app veri good app,5,2026-07-17
Play Store,Not trustworthy. I will never buy in future from it.,1,2026-07-17
Play Store,very nice app delivery at doorstep,5,2026-07-17
Play Store,I love blinkit 😘,5,2026-07-17
Play Store,i use it quite frequently. good services.,4,2026-07-17
Play Store,"I get almost of my most needed products at the time, and blink it provides fast delivery which i really appreciate. 5 STARS ✨",5,2026-07-17
Play Store,very excellent 👏,5,2026-07-17
Play Store,Replace policy ko jab genuinely implement kr loge tab download kr lunga dubara,1,2026-07-17
Play Store,Too good and safe online shopping on Blinkit...,5,2026-07-17
Play Store,the delivery boys behaviour as well as the service was so good and the products also comes with good handling......,5,2026-07-17
Play Store,THANKU sir for free ambulance 🥰 . Jo kam Goverment ko karna chahiye wo aap log bhi kar rahe hai . thanku thanku thanku ❤️,5,2026-07-17
Play Store,"Great, now u increase ur reach to 3tier cities.",5,2026-07-17
Play Store,superrrr👍👍👍👍💥💥💥💥,5,2026-07-17
Play Store,I'm using this application first time but I'm so happy,5,2026-07-17
Play Store,very fast delivery,5,2026-07-17
Play Store,rate is too much high.not affordable for middle class,2,2026-07-17
Play Store,best App ever for Delivery of everything,5,2026-07-17
Play Store,this app is amazing you order anything at anytime it will come as fast as it could be so very much helpful when you forget any homework supplies blinkit has everything it has to be rated as 5 star ⭐⭐⭐⭐ ⭐,5,2026-07-17
Play Store,it make my work easy 😌 and give it Dorr to doorrrrrrrrrrr,5,2026-07-17
Play Store,What kind of charge is this high demand surge charge?,1,2026-07-17
Play Store,being a regular customer for a long time now. this is probably the first time I requested a return. customer care says we are trying to help you but there's no option in the software. so we can't help you. what a shame. have uninstalled blikit,1,2026-07-17
Play Store,third class experience. I'm deleting blinkit app now,1,2026-07-17
Play Store,good than others...,4,2026-07-17
Play Store,Dont know why it is in use,5,2026-07-17
Play Store,Making fool of us by wrong commitments.,2,2026-07-17
Play Store,the person didn't deliver the goods though I had pre paid for it,1,2026-07-17
Play Store,"this app is such a fraud app, I am buying this app from past 3 years, delivering the broken eggs and for refund I need to fight for it, after multiple followe s is a joke.",1,2026-07-17
Play Store,this app delivers very fast any product under 20 minutes,5,2026-07-17
Play Store,sorry.... I wish I could have zero or negative reviews for Blinkit..... it's not monopoly anymore in market....you can't cancel part of my order and deliver just one Limca costing 40 ruppes and for that you can't charge Rs 45 for delivery charge....,1,2026-07-17
Play Store,fast dilevery good quality product 👍👍👍👍,5,2026-07-17
Play Store,I'm trying to contact your customer care but I can't I have placed two orders and suddenly app showing unavailable payment is already done...,1,2026-07-17
Play Store,I mean do I have to say...everyone already knows what blinking can do,5,2026-07-17
Play Store,Thoda rate jada hey but good,5,2026-07-17
Play Store,BLINK IT IS BEST FOR CITY..... MAI CHAHTA HU KI YE BLINKIT AB GAAON GAAON ME HO JAAYE Thanks,5,2026-07-17
Play Store,v good app for home delivery in the given time period,5,2026-07-17
Play Store,oh I have some payment related queries I have added 7some money in my blinkit wallet but not showing after 5 minute wha had happened to it . I a tryng t connet the custmer care but not yet get any soltion,1,2026-07-17
Play Store,very good but not reciving free gifts,4,2026-07-17
Play Store,super and speed deliver ☺,4,2026-07-17
Play Store,First time order,5,2026-07-17
Play Store,too much delivery charges high charges on product compare to others also no discount offers available add the cart is product is also not available while choosing,1,2026-07-17
Play Store,"One of the best example of quick e-commerce, The ambulance service is absolutely best.",5,2026-07-17
Play Store,It's superb everything in minutes. And the availability of products are awesome,5,2026-07-17
Play Store,some time it will take much time,3,2026-07-17
Play Store,handling charges in the name of free delivery,1,2026-07-17
Play Store,"I don't want to give this rating, but I feel I have to because Blinkit needs to improve a few things. Sometimes I receive expired products, which is completely unacceptable. Please make sure all products are checked before they are sent to customers. I also face location issues. Even though I have already saved my correct address, riders sometimes ask me to share my current location because the app shows a different location. This causes unnecessary delays and confusion. Please fix the locatio",2,2026-07-17
Play Store,all good but price are over the MRP.,5,2026-07-17
Play Store,always on time.,5,2026-07-17
Play Store,great app haha noob,5,2026-07-17
Play Store,worst product delivery,1,2026-07-17
Play Store,one stop solution,5,2026-07-17
Play Store,This app is amazing..,5,2026-07-17
Play Store,good and fast sarvice,5,2026-07-17
Play Store,They lost the two stars because of their surge price. Some items are delivered without a carrybag though they charge Handling fee.,3,2026-07-17
Play Store,best service by blinkit..,5,2026-07-17
Play Store,"Very disappointing experience with this app. I purchased the Fiama Shower Gel and Renee Lip Gloss under a Buy 1 Get 1 offer, but I received only one item. When I contacted customer support, the first representative assured me that I would receive a refund. However, after my call was transferred to another representative, I was told that neither a refund nor a return was possible. This is completely unacceptable. The customer service is inconsistent and unhelpful. I feel misled and cheated.",1,2026-07-17
Play Store,thank you Blinkit to came my City❤❤🥰,5,2026-07-17
Play Store,everything is ok but delivery feee is too much high it's better too goo offline shopping very upsetted,3,2026-07-17
Play Store,not able to cancel order,2,2026-07-17
Play Store,super fast service is blinkit,5,2026-07-17
Play Store,I usually get expired one i already registered complaint about the biscuits that I ordered last tym and there is no replace also even I will pay extra also I don't know whyy I feel the Blinkit is getting bad day by day please keep it up or ur business need to shut down completely,1,2026-07-17
Play Store,nowadays this app takes more than 10 minutes,3,2026-07-17
Play Store,"The delivery partner refused to walk to the 2nd floor, made a false allegation to cancel my order, and wrongfully charged me a Rs 20 cancellation fee. After contacting executive support, the issue was resolved, but I uninstalled the app. Who has the time for this nonsense?",1,2026-07-17
Play Store,this is very good,4,2026-07-17
Play Store,best application,5,2026-07-17
Play Store,Exactly what I am looking for in a Quick Commerce App.,5,2026-07-17
Play Store,the call is not coming we have to guess. wether the parcel had came or not,1,2026-07-17
Play Store,very helpful and useful to we...,5,2026-07-17
Play Store,Very nice app and good for delivery in urgent and salute to them for free ambulance service 🙏,5,2026-07-17
Play Store,This aap is awesome,5,2026-07-17
Play Store,"please remove the need for wifi scanning, I keep it off for security reasons and to use your app it's compulsory required permission, zepto Swiggy Instamart Flipkart minutes and amazon minutes don't require it to function, don't make things difficult and unnecessary complicated told you many times to remove wifi scanning from your app",1,2026-07-17
Play Store,they don't return any damaged goods.,4,2026-07-17
Play Store,service is Good,5,2026-07-17
Play Store,good to see you in bhilwara. welcome,5,2026-07-17
Play Store,Pretty good service and delivery.,4,2026-07-17
Play Store,Slayyy 💅🏼 itz Gudd~,4,2026-07-17
Play Store,free me kuch nhi milta,1,2026-07-17
Play Store,costly but good service,4,2026-07-17
Play Store,"Better than Zepto,Give 10 minute ambulance God Bless to Owner,Clean UI,Good Prices,Large Segment of items,Never get Late on time,Easy replacement,Nice customer care go for it better than Zepto,big basket and others..",5,2026-07-17
Play Store,best app for world 🥰🙏,5,2026-07-17
Play Store,liked their speed in delivery . and also how kind their delivery boys are they must get a raise in their percentage ..,5,2026-07-17
Play Store,great app and they help to exchange damaged product. nice app when you need urgently.,5,2026-07-17
Play Store,very good very nice,5,2026-07-17
Play Store,fast service all needs product a avilable all time ⌚,4,2026-07-17
Play Store,Excellent service,5,2026-07-17
Play Store,navigation is poor current location exact location se kaafi dur le ja raha tha fir change ka option nhi aa raha kai baar ho chuka hai,1,2026-07-17
Play Store,No gift on first order 😭 ..................................,4,2026-07-17
Play Store,"I love it, it takes awhile but worth it..",5,2026-07-17
Play Store,awesome service,5,2026-07-17
Play Store,best only this app works at my location,5,2026-07-17
Play Store,get whatever you want at home and easy to use,5,2026-07-17
Play Store,it's great app helped me every time in serious situation It's helpful,5,2026-07-17
Play Store,Nice for first order,5,2026-07-17
Play Store,"most useful app , when we are in need",5,2026-07-17
Play Store,not last minute app at all. waiting time for delivery is more than 20 to 25 minutes. still got my orders late.,1,2026-07-17
Play Store,very worst quality products,1,2026-07-17
Play Store,⭐⭐⭐⭐⭐ This app is incredibly helpful and always available whenever I need it. It has made so many everyday tasks much easier and saves me a lot of time. Thank you for creating such a useful app. Highly recommended.,5,2026-07-17
Play Store,worst app worst help,1,2026-07-17
Play Store,were the too many ads in this app?,3,2026-07-17
Play Store,blinkit is a really good app,5,2026-07-17
Play Store,very very Bad.After buy defective product completed the return process they not refunded me my amount they give unusefull coupon which not for me..so don't buy any thing from Blinkit..if I give anything instead of money can Blinkit will accept..now I will file complaint in consumer court for this type of fraud,1,2026-07-17
Play Store,blinkit joya उत्तर प्रदेश में भी होना chaiye,5,2026-07-17
Play Store,I have ask for something else but it send me else,1,2026-07-17
Play Store,Cant unselect to pay Tip in any possible way. I couldn't find this option to opt out. Un-installed.,1,2026-07-17
Play Store,"A blessing for small town dwellers, having access to wide variety of products under your fingertips that too within 20 minutes is just incredible",5,2026-07-17
Play Store,good and fast delivery,5,2026-07-17
Play Store,Nothing is available,1,2026-07-17
Play Store,should give rain covered bags. paper bags tears in rainy seasons.,5,2026-07-17
Play Store,bht ganda app hai dikhata kuch hai pr order kuch deta h or uske bd ye return bhi nhi krta👎👎👎👎👎👎,1,2026-07-17
Play Store,Good delivering,4,2026-07-17
Play Store,this is baat app,5,2026-07-17
Play Store,orders are not on time and no offer,1,2026-07-17
Play Store,The cancellation process is painful and the support guys ntentionally dragged the issue for 20 mins and did nothing. i had raised request for cancellation even before the orrder has been picked up and yet they dragged. the whole suppprt is scam.,1,2026-07-17
Play Store,"extremely good place for instant needs even though some products (for eg footballs) are sometime torn,expired ect.i would really like to inform blinkit to check their products before handing them to the delivery partner",4,2026-07-17
Play Store,best than other apps,5,2026-07-17
Play Store,the delivery partner behaviour is rude all over the products are good but staff not,4,2026-07-17
Play Store,they send me expired milk,1,2026-07-17
Play Store,excellent service,5,2026-07-17
Play Store,2 मिनट लेट बट सैफ ड्राइव,4,2026-07-17
Play Store,best in every app,5,2026-07-17
Play Store,very good service,5,2026-07-17
Play Store,"This is very good, you can get it at home in just 10 minutes.",5,2026-07-17
Play Store,refund policy is not good. they say refund is processed however you will never receive refund,2,2026-07-17
Play Store,Fewer offers compared to Instamart and Big Basket but has stock more consistently.,4,2026-07-17
Play Store,"goodd app but never comes to correct, exact adress",4,2026-07-17
Play Store,"Such a great app support . I accidentally ordered wrong thing , but they refunded and I was able to return the product when it was out for delivery, 👍👍",5,2026-07-17
Play Store,I have placed order on 22 june than I have cancelled that order they said that they'll charge cancellation charges of Rs.18 remaining amount will be credited to your UPI id within 4 to 5 days....still didn't get any refund... i have mailed also.....and same I have ask same through the app also....plz refund my money as soon as possible,1,2026-07-17
Play Store,bang on on location unlike other apps..perfect delivery partners well mannered fast delivery...I am super happy so far...,5,2026-07-17
Play Store,blinkit is the most useful and fastest aap because I Camper blinkit with other apps but blinkit win.and I used regular since 3years+ my family also use for anything what they want...love it l.BLINKIT iam your regular costumer 😄,5,2026-07-17
Play Store,The parle g packet was open and one part of it was missing. the blinking bag was not sealed.,1,2026-07-17
Play Store,amazing service,5,2026-07-17
Play Store,"super, but desist from surge pricing like cab aggrgators",5,2026-07-17
Play Store,good service and all time,5,2026-07-17
Play Store,prepaid delivery takes too much time to deliver pl make sure to use cod.! trash I'm stuck.. blinkit says order will arrive in 8 min from past 27 mins L Blinkit,1,2026-07-17
Play Store,perfect app exist,5,2026-07-17
Play Store,Thoda sa Mahga hai kuch chije es par nahi milti hai,3,2026-07-17
Play Store,"It, delivers very fast and also has a very good quality of every item, but only some things are not in stock for a long time.",5,2026-07-17
Play Store,handling fee bad idea,3,2026-07-17
Play Store,Best app for the lazy one 😁,5,2026-07-17
Play Store,my parcel didn't arrived properly,1,2026-07-17
Play Store,Rate is high and rider don't have change.pl work on it .some item which was received earlier not up to the mark.too dirty,2,2026-07-17
Play Store,only equry is not resolved,5,2026-07-17
Play Store,badhiya app hai,5,2026-07-17
Play Store,"Amazing app,order arrives in minutes and well packed",5,2026-07-17
Play Store,this app was very nice 👍,3,2026-07-17
Play Store,The minimum order must be of Rs 99 without any delivery charges.,5,2026-07-17
Play Store,Disgusting service by blinkit,1,2026-07-17
Play Store,it's so good whenever I order from blinkit i so happy,5,2026-07-17
Play Store,best blinkit thanks,5,2026-07-17
Play Store,nice but delivery charge oh my god,3,2026-07-17
Play Store,nice application,4,2026-07-17
Play Store,I got a refund as promo code but there is no option to use it while placing another order.,1,2026-07-17
Play Store,Blink it is the most advancing commercial tools in India.. Thank you,5,2026-07-17
Play Store,good of experience,5,2026-07-17
Play Store,faced worst experience in delivering products,1,2026-07-17
Play Store,very good fast delivery but many item out of stock like minimalist oat extract face cleanser etc get in stock fast items,4,2026-07-17
Play Store,Fast Delievery And The Rate of The product is Valuable As Compare to others,5,2026-07-17
Play Store,I am very happy 😊😊😊,5,2026-07-17
Play Store,amazing app for instant delivery...,5,2026-07-17
Play Store,all things ar good but you have upgraded your live location it's showing another place pls change that into current location,5,2026-07-17
Play Store,not everything is available that we need,3,2026-07-17
Play Store,there is no option for cancelling the order,3,2026-07-17
Play Store,best app in get you products online in few minutes,5,2026-07-17
Play Store,very good experience,5,2026-07-17
Play Store,the best service they give,5,2026-07-17
Play Store,"certain things in my order was too small (tiny)contrary to the product shown in the app. Also, the price was differing when I opened the app again. Hope better products next time.",2,2026-07-17
Play Store,it's amazing and keep delivery much more faster,4,2026-07-17
Play Store,"good service , and available all essential products..",4,2026-07-17
Play Store,"I had ordered potatoes and got bad rotten ones so I placed a complaint. They replied to me that they will provide a coupon which I can use next time while placing my order to compensate for the bad quality potatoes, so I said ok. But neither the coupon was received and in fact the chats in which they said they will provide coupon was deleted from their side later on. very cheap behavior. Thank god that I had taken a screenshot of the chat abt the coupon think",1,2026-07-17
Play Store,excellent work 👍,5,2026-07-17
Play Store,I hope the blinkit ambulance service will be applied in all delhi NCR region. after scussfully trial in gurgaon,5,2026-07-17
Play Store,order comes before the time,5,2026-07-17
Play Store,"I ordered boAt earbuds, but I received a fake Chinese product. I contacted customer support, and they told me to contact the brand. The brand then told me to contact the platform where I placed the order. I feel completely scammed",1,2026-07-17
Play Store,one of the best thank you for your ambulance 🚑 service 🙏🙏🙏 you are only person who cares us 😭,5,2026-07-17
Play Store,It is a very good app and delivers items faster and neatly,5,2026-07-17
Play Store,best delivery app in world on 200 rupees order free delivery wow 👌 on item discounts 👌,5,2026-07-17
Play Store,ordering when items needed helped me to save time so I can focus on more important work as a student form going out to purchase items this helps me so I can complete the assigned tasks by college and at the same time helping my mum with the items needed at home,5,2026-07-17
Play Store,very nice service,5,2026-07-17
Play Store,the humans that work there are practically machines,1,2026-07-17
Play Store,The parcels arrive neat and clean. The order also arrives between 10 to 20 minutes. Today I ordered milk of 1 litre it arrived in 11 minutes..,5,2026-07-17
Play Store,good 10 minatas,4,2026-07-17
Play Store,there is no provision to cancel the order. there should be a grace period of at least a minute,4,2026-07-17
Play Store,very useful this app ❤️,5,2026-07-17
Play Store,good and timely delivery,4,2026-07-17
Play Store,thanks blinkit team🫠,5,2026-07-17
Play Store,it's very helpful,5,2026-07-17
Play Store,"I gave back an item that I had bought from blinkit today. To my pleasure, Blinkit refunded the amount within 5 minutes of the pickup. I am impressed😊👌..... ..",5,2026-07-17
Play Store,❤️ever best app blinkit ❤️,5,2026-07-17
Play Store,this aap was very past,5,2026-07-17
Play Store,"Worst delivery, no response from blinkit team",1,2026-07-17
Play Store,brilliant delivery,4,2026-07-17
Play Store,one of the worst service they provide I just ordered one perfume they give offer buy one get one free but they send single piece i contact customer department they also not respond and not return my order,1,2026-07-17
Play Store,map is problematic,3,2026-07-17
Play Store,offers ok but more prices shows than other apps,1,2026-07-17
Play Store,superb service with smart pricing.,4,2026-07-17
Play Store,thanx free ambulance,5,2026-07-17
Play Store,No any offer for new customer I am disappointed.,4,2026-07-17
Play Store,not refunded the money... very bad experience... be careful while buying milk...,1,2026-07-17
Play Store,blinkit changed delivery partner which has nothing to deliver very sad our nearby dealer was excellent but this time not good next is log out bai why previous supplier changes and add new which is far away and products not quality,1,2026-07-17
Play Store,very good app it will deliver ur things mera ur home and too fast ⏩ but their is one problem they don't have much change so if you are ordering some so please keep change otherwise it is too good app,4,2026-07-17
Play Store,on time delivery Blinkit Good,5,2026-07-17
Play Store,Easy to use App,5,2026-07-17
Play Store,Great experience,5,2026-07-17
Play Store,good need more discount as amazon Flipkart etc,4,2026-07-17
Play Store,kuch saman mahnge hai but thik hai,5,2026-07-17
Play Store,excellent 👌 wonderful 👍,5,2026-07-17
Play Store,blinkit services have been drastically degraded,1,2026-07-17
Play Store,thanks for your free ambulance you save much life's thanks and allthebest 👌😉,5,2026-07-17
Play Store,accha he good lakin kuc area me bilnkit app kam nahi karta to vaha bhi ye sarvish huni chahiye its my opinion,4,2026-07-17
Play Store,"If an order is placed by mistake, they do not even cancel it, they just say that it is packed, it does not happen like this.",1,2026-07-17
Play Store,"Hey Blinkit, please bring back normal adult whiskas cat food. y'all have imported whiskas now which my cat doesn't eat. Just for that I have to order everything from Insta mart cause they have the normal one. Pleaseeee ❤️",5,2026-07-17
Play Store,expensive then other online apps,1,2026-07-17
Play Store,Heavy Delivery Charges,2,2026-07-17
Play Store,bad sadi hui vegitables supplied and no response on watsapp,1,2026-07-17
Play Store,not showing option to apply coupon code,2,2026-07-17
Play Store,"The website shows offers and then renegs on them at the time of delivery and when you speak to the customer service over a call before making the payment, they tell you to just make the payment and the issue will be resolved later by them. After you make payment and talk to them, they waste your time and then tell you that they can't help you because they can't see the promo from their side. You tell them that you have screenshots of the promo and also that the promo is still active, they lie.",1,2026-07-17
Play Store,thik hai in emergency but ye bohat charges late hai,1,2026-07-17
Play Store,prices are high,3,2026-07-17
Play Store,grateful for shopping on this platform 😀,3,2026-07-17
Play Store,charges to bigh,4,2026-07-17
Play Store,after placing order products become unavailable order some other brand received other,1,2026-07-17
Play Store,good timing order,5,2026-07-17
Play Store,fast service thnxs blinkit 🙏🙏🇮🇳🇮🇳👍❤️,5,2026-07-17
Play Store,it's a life saver.,5,2026-07-17
Play Store,"The worst service provider, if ordering person was not available at the location they didn''t deliver your product. lol",1,2026-07-17
Play Store,very bad service the coustomer care not support properly,1,2026-07-17
Play Store,"Nice And Good, Great 😃😃😃 Service, Understanding of every situation, Problem And response to very much faster... Thank you Blinkit.👍👍👍👍❤️❤️❤️",5,2026-07-17
Play Store,not customer care support,3,2026-07-17
Play Store,best app for groceries and sum electronic products,5,2026-07-17
Play Store,very very nice 👍,5,2026-07-17
Play Store,very easy to use and best App 5 star from me,5,2026-07-17
Play Store,discount coupon I never remained,3,2026-07-17
Play Store,Never used Blinkit now!,2,2026-07-17
Play Store,I order so many things from blinkit and they reached every product at proper time. I would give 5 star rate,5,2026-07-17
Play Store,very well delivered,5,2026-07-17
Play Store,I think fruits are a bit expensive,4,2026-07-17
Play Store,very fast and efficient.,5,2026-07-17
Play Store,good delivery and i appreciate your ambulance service 🙏 may Allah bless you 👍👍,5,2026-07-17
Play Store,thankyou blinkit you are very helpful really,5,2026-07-17
Play Store,easy and effortless,4,2026-07-17
Play Store,it's worth it man!? the prices are reasonable.!? they work so hard for us thanks we appreciate your work!? 😊😊,5,2026-07-17
Play Store,I'm a regular customer of Blinkit now but they don't have change every time I pay in cash because I don't use online payment. The delivery guy should carry change for the customer's convenience.,4,2026-07-17
Play Store,good conditions,3,2026-07-17
Play Store,good app .helpful and and,5,2026-07-17
Play Store,no replacement provided,1,2026-07-17
Play Store,this app are whole products,5,2026-07-17
Play Store,FAST AND CLEAN AND SAFE DELIVERY 🚚,5,2026-07-17
Play Store,when ever I need hot wheels never ever available in Jamshedpur,1,2026-07-17
Play Store,vest of money and time froud app and handling charges ke naam pr 50paise ke kagaj ke packet ke 12 rupay charges leta h 😡😡😡,1,2026-07-17
Play Store,I have added money in blinkit wallet but when placing order it's showing this option not available it's pathetic my hard earned money is wasted or what very unprofessional behaviour is this please look this matter seriously,1,2026-07-17
Play Store,My Favorite Grocery App.... Thanks Team Blinkit,5,2026-07-17
Play Store,such great offer when ever I ordered i get freebies and also products are in good condition,5,2026-07-17
Play Store,too much good blinkit,5,2026-07-17
Play Store,Very nice service,5,2026-07-17
Play Store,Blinkit is an absolute day light robbery.,1,2026-07-17
Play Store,everything available,5,2026-07-17
Play Store,amazing services,5,2026-07-17
Play Store,very convenient,4,2026-07-17
Play Store,"delivery was fast, and so far unlike Swiggy and zomato, the delivery guy from Blinkit are so kind and humble. may God bless them.",5,2026-07-17
Play Store,l love that they deliver the items at time and l really love this store and if l woul have to rate it out of 100 l would give 1000 l just love this app,5,2026-07-17
Play Store,"easy , fast delivery , efficiency, convenient, time saving. love blinkit",5,2026-07-17
Play Store,Received a faulty product. The repleacement takes 45 minutes of chat. Thats serious waste of time.,1,2026-07-17
Play Store,MRP se bhi jyada paise lete hai kharidne se pahle dekh kar hi kharidna,1,2026-07-17
Play Store,"They are only interested in selling their products; the quality of the goods or customer feedback doesn't matter to them. If a customer wants to make a return, they don't process it.",1,2026-07-17
Play Store,good 👍 and best delivery,5,2026-07-17
Play Store,fresh and taste fruit dilevered,5,2026-07-17
Play Store,"best delivery services, Kudos to blinkit",5,2026-07-17
Play Store,I personally liked the delivery timing✨,4,2026-07-17
Play Store,driver ankit is on time and very good nature person,5,2026-07-17
Play Store,wrost replacement support,1,2026-07-17
Play Store,long delivery time,3,2026-07-17
Play Store,Thank you for making my life Easier. Life Saviour👍,5,2026-07-17
Play Store,make our life so easy😊,5,2026-07-17
Play Store,they wont cancel your order even you request within seconds they are cheaters liars never use blinkit buy from Others,1,2026-07-17
Play Store,always on time mostly earlier than said time..🫡,5,2026-07-17
Play Store,so fast delivery good,5,2026-07-17
Play Store,it's fabulous loved it,5,2026-07-17
Play Store,it's a blessing. I am so relaxed if I need something. this app serves as a perfect solution to all issues. please just take care that the delivery men take care of their health also. no one is in so much hurry to get their groceries in ten minutes. it's okay even if you are late.,5,2026-07-17
Play Store,wonderful service,5,2026-07-17
Play Store,the prices are to high it should be less,3,2026-07-17
Play Store,Process for selecting items are good. Availability of stocks more or less good.,4,2026-07-17
Play Store,limited item we need more items option for Misri,1,2026-07-17
Play Store,packing is good,5,2026-07-17
Play Store,cannot type in search,1,2026-07-17
Play Store,very fast and good service's,5,2026-07-17
Play Store,value for money. i got refund for damaged packing of the item.,5,2026-07-17
Play Store,worst service they are giving now. the delivery persons are so rude and they will behave nicely if we are giving tip otherwise they will be very rude.,1,2026-07-17
Play Store,surge charge too much,1,2026-07-17
Play Store,yes it's good working I like it,5,2026-07-17
Play Store,Their policies are very unacceptable. i had to uninstall it out of frustration. i ordered an earphone it was under replacement period or return period. but they are denying it .. I got damaged product. but they are not accepting it and saying sorry or do nothing... unexpected.,1,2026-07-17
Play Store,"worst service. the delivery men are terrible. in Bangalore most of the delivery agents of blinking are goons. most of the time instructions are not followed address and location is not properly checked and they don't even have the patience to talk properly. it's nit one time or two time, there were multiple instances where the service specially the delivery agents service was so bad. and the irresponsible customer service adds to the terrible experience. blink it taught how better other apps are",1,2026-07-17
Play Store,worst experience in return..,1,2026-07-17
Play Store,naa aaaathulu pikko,1,2026-07-17
Play Store,this app was awesome it will give u the products when u need it the most at the perfect price,5,2026-07-17
Play Store,It's awesome app 👍,5,2026-07-17
Play Store,koe v problem ho turant solv karta hai... osm app,5,2026-07-17
Play Store,"third class quality product,",1,2026-07-17
Play Store,"This is the First time I placed an order i.e ghadi washing soap, and I got very bad experience as 2 soap are missing in it out of total 5 quality, delivery boy came very late and came by bicycle and even they dont showd the product... Their is no return policy is available so one can't return and also you can't directly call to customer also for complaint..... Very Bad 👎 dont buy anything here, Total fraud.",1,2026-07-17
Play Store,it's very fantastic,5,2026-07-17
Play Store,very good for fast important things,5,2026-07-17
Play Store,super items 😍super items fast delivery 😊,5,2026-07-17
Play Store,Blinkit is a very useful grocery store I like it,4,2026-07-17
Play Store,"I like your service, products, Rate, quality Thanks blinkit",5,2026-07-17
Play Store,very fast and good quality product!,4,2026-07-17
Play Store,For daily groceries and home needs I totally rely on Blinkit,5,2026-07-17
Play Store,worst helping people,1,2026-07-17
Play Store,delivery is very fast,4,2026-07-17
Play Store,"Outstanding delivery experience from Blinkit, the umbrella was delivered in excellent, brand new & undamaged condition & on time by the delivery agent. Thank you.",5,2026-07-17
Play Store,product returned but money is not being refunded in most of the cases and thereis no option to contact them,1,2026-07-17
Play Store,Pathetic customer support! Placed an order mistakenly and now I was denied refund stating certain company policies. I wish Amazon came soon and wipe you out from the market.,1,2026-07-17
Play Store,easy to purchase,5,2026-07-17
Play Store,very good service,5,2026-07-17
Play Store,some items (eg tata tea premix) are just vanishing before placing order.even this time also,5,2026-07-17
Play Store,still some products are not available,4,2026-07-17
Play Store,this app is very very very awesome fast delivery amazing app 🤩🤩🤩🤩🤩🤩🤩🤩,5,2026-07-17
Play Store,really nice service,5,2026-07-17
Play Store,"⭐⭐⭐⭐⭐ Excellent service! My order was delivered on time, the products were fresh and well packed, and the delivery partner was polite and professional. The app is easy to use, and the overall experience was smooth. Highly recommended. Thank you, Blinkit!",5,2026-07-17
Play Store,very organised and easy app. good and timely service,5,2026-07-17
Play Store,absolutely fantastic,5,2026-07-17
Play Store,service was good and easy . we can compare and buy it max we will get a good price hear,4,2026-07-17
Play Store,mst fast delivery I am soo happy 😊,5,2026-07-17
Play Store,very convenient,5,2026-07-17
Play Store,Please give training session to your delivery Boys.its must & good for you as a service provider. Thanks 🙏,4,2026-07-17
Play Store,getting refund is like the war,1,2026-07-17
Play Store,Its good and time saving,4,2026-07-17
Play Store,This is the Best App for me 😊❤️‍🩹,5,2026-07-17
Play Store,very much useful app and best,5,2026-07-17
Play Store,No extra charge should be taken like other companies.Otherwise Blinkit may be closed like Dealshare.,1,2026-07-17
Play Store,"dear team, regards, no issues till date, exchange or return is simple but for senior citizens it is a bit taxing as technology is involved regards Mahesh Kumar Adv",5,2026-07-17
Play Store,Happy With The Service 😀,5,2026-07-17
Play Store,worst app ever I have received multiple times incorrect shipment and customer support is also worst even refund thing is not operational even after share whole unboxing footage no authority or responsibility is taken by them have uninstalled now,1,2026-07-17
Play Store,don't need to explain how helpful and useful it is.,5,2026-07-17
Play Store,First of all my prepaid order was cancelled than the sucking refund policy took 10 days to complete refund and in actual refund was never paid back into the bank account nor in wallet.. the customer is worst. Maybe blink it will not have any affect losing 1 customer but i am affected when both my time and money was not valued ans wasted.. if there were any negative ratings than 1 star i would have given that as well,1,2026-07-17
Play Store,very bad service and no option for refund or replacement govt must ban this app,1,2026-07-17
Play Store,Very fast delivery just love it just love it muaaahhhh💗,5,2026-07-17
Play Store,free delivery cool offer in snacks,5,2026-07-17
Play Store,overall a good experience. very convenient.,5,2026-07-17
Play Store,"Incorrect product received. No resolution offered but empty platitude. Informed Return or replacement is not available at the moment though at the very same time i could see in the app it's showing otherwise. So they are lying. Told me I would receive a call but none came and no response either after I emailed regarding that. Totally ghosted. Now they are refusing to contact me, return, refund or replacement. Forcing me to pay for the wrong product. And lying.",1,2026-07-17
Play Store,fast delivery...👍,5,2026-07-17
Play Store,print service low quality,1,2026-07-17
Play Store,good beter best,3,2026-07-17
Play Store,for printing 2 papers they charged 56 rupees.timing 25 minutes likha tha lekin wo extra 15 mint liye hai ak to itna pesa le rahe hai or service v late hai,1,2026-07-17
Play Store,fast and convenient service of all time,5,2026-07-17
Play Store,Very bad response coz I hv ordered one icecream order on 13.07.2026 but till today I hv not received and amount still not credited to my account. Blinkit starts cheating with its customers... I request all customers please leave bad comments so that the owner seriously look into the matter.,1,2026-07-17
Play Store,"Blinkit is a very convenient app for quick grocery and daily essentials delivery. The app is easy to use, offers a wide variety of products, and the delivery is usually very fast. The products arrive in good condition, and the prices are reasonable with frequent discounts. The customer support is also helpful. Overall, Blinkit saves a lot of time and makes shopping simple and hassle-free. Highly recommended!",5,2026-07-17
Play Store,customers trusted you they deserve to have fresh fruits and vegetables.please maintain best quality.we always thank you for your support and services.,4,2026-07-17
Play Store,"prompness, but please apply latest discounts and offers available",4,2026-07-17
Play Store,well nicee platform,5,2026-07-17
Play Store,support is not resolve the problem,1,2026-07-17
Play Store,"blinkit service is very quick and on time, with no delays. The delivery guys are also very calm and hardworking, hats off to them!",5,2026-07-17
Play Store,very good quality items,5,2026-07-17
Play Store,high quality quick service beautiful packing and well behaviour delivery staff,5,2026-07-17
Play Store,"good experince, afterall you can order far away form your location , thnx bilnkit",5,2026-07-17
Play Store,Blinkit has become pathetic. They show 15 mins delivery while placing the order but delivery takes almost 30 mins. This is a constant issue now.,1,2026-07-17
Play Store,"worst experience yesterday I order a cocoa powder and that was unsealed and used already, for which I rised and complain the the blinkit team was like ""we will connect you in 24 hr after 24 hr they we like sorry we can't do any this regarding and bla bla... very disappointed never going to use blinkit 😑",1,2026-07-17
Play Store,very fast delivery 🚚👍👍,5,2026-07-17
Play Store,nice appp abb kisi chij ki tensan nhii,5,2026-07-17
Play Store,"Firstly product received without essential items. Refund was said to be issued to the original source. they refunded back as a promo code instead. never ordering again from blinkit. poor service, poor quality of products, poor customer service adding up to a pathetic experience overall",1,2026-07-17
Play Store,"superb service,just keep it this way only,don't change in future.",5,2026-07-17
Play Store,anytime when I need something urgently blinkit helps me,4,2026-07-17
Play Store,it's very very good,5,2026-07-17
Play Store,damage grocery delivered krte h refundbhi krte,1,2026-07-17
Play Store,delivery charge ke main loot Liya,1,2026-07-17
Play Store,very useful app 🙂,5,2026-07-17
Play Store,bahut achcha hai yah,5,2026-07-17
Play Store,very bad delivery boy bahut badtameej tha,1,2026-07-17
Play Store,can order anything you need . fast Delivery.,3,2026-07-17
Play Store,good service and good response sir,5,2026-07-17
Play Store,lovely 😍 I just Love the blinkit,5,2026-07-17
Play Store,rider is trying to avoid shorter route,1,2026-07-17
Play Store,bilkit is the best in all min delivery apps,5,2026-07-17
Play Store,I like the impeccable service of your delivery persons. They are always very courteous.,5,2026-07-17
Play Store,very good n very fast,4,2026-07-17
Play Store,customer care support is not available No one is helping their valuable customers in return issues.,1,2026-07-17
Play Store,worst. keep sending all spoilt fruits..,1,2026-07-17
Play Store,"app allows items to be added to the order and then it creates a new order,, very misleading for the average user",2,2026-07-17
Play Store,auto place is good but service delivery ke bad pata chalega,5,2026-07-17
Play Store,So use full thankuu soo much,5,2026-07-17
Play Store,"I run a tea shop, and I can't imagine my life without Blinkit. From morning till evening, I order various products on Blinkit. The quality is top-notch, the delivery is super quick, and the products are available at great prices. Life without Blinkit? I honestly can't even imagine it. Blinkit is simply the best!",5,2026-07-17
Play Store,good 👍👍 order placed on Time & price ok,3,2026-07-17
Play Store,good service and fast delivery,5,2026-07-17
Play Store,This app is so fast and easy to use.I love this app this is so amazing,5,2026-07-17
Play Store,all over gud service,5,2026-07-17
Play Store,"Im soo disapointed, today i orderd items in cash delivery method but delivery boy came and asking online payment if we didnt pay in online his QR id will block. i dont understand why he came when his id is blocking when i orderd in cash payment. not today only earlydays i received many issues like missing itemes but they resloved everygood but today this is too much and i have to cancle order when my falut is not there, im uninstalling this app",1,2026-07-17
Play Store,No time punctuality,1,2026-07-17
Play Store,blinkit is a good app for grocery shopping... and it reaches the correct time at the doorstep... I am happy 😊 with this app.,5,2026-07-17
Play Store,cost is too high of delivery,1,2026-07-17
Play Store,there is no returns policy,1,2026-07-17
Play Store,what adding rs 2 extra on per order,3,2026-07-17
Play Store,"Since early morning, there are a lot of things I have to do so I have ordered 2000 rupees groceries and vegetables. now I see missing items. then I raised concern instead delivering missing items Blinkit is offering refund. my point is 24 rupees missing item again I have to order minimum 200 ruppees. I don't see any customer oriented support here from Blinkit. very disappointing.",1,2026-07-17
Play Store,It's the worst experience with blinkit. ordered vegetables and received. Every item received is either too small or quantity wise very less. When we order something we expect a reasonable quantity to have it. Cauliflower received is not even enough for a kid to eat. How bad it is. Only thing I understand is taking the advantage of quick delivery so that people can order and receive no matter what the quantity of product. Its just that full filling the required order with number of items. Worst!!,1,2026-07-17
Play Store,delivery very expensive,4,2026-07-17
Play Store,good delivery good work,5,2026-07-17
Play Store,best app and fast delivery,5,2026-07-17
Play Store,parbatpura area m delivery karo plsss nahhh mne bhot jayada Saman mangwaya h blinkit sa buttt abb m kayh karuuuu yah oar area unavailable dikha rha h 😭,2,2026-07-17
Play Store,"too fast delivery always on time ,I am happy ,all items are available everytime 😍",4,2026-07-17
Play Store,Extremely poor customer service. Be very careful while ordering something expensive. Use alternatives available.,1,2026-07-17
Play Store,few items cost higher. otherwise all ok,5,2026-07-17
Play Store,good service and instant,4,2026-07-17
Play Store,Best application,5,2026-07-17
Play Store,when I want a pen i have added that into cart when I go to place order it wasn't in the stock,3,2026-07-17
Play Store,"I ordered bread, but it arrived damaged and was not fit to eat. I raised a complaint expecting a replacement, as this was needed for my family's breakfast. Instead, I was offered only a refund. A refund does not solve the immediate problem when the product is required urgently. I use Blinkit because it is convenient and I trust the service, but this experience was disappointing. I hope Blinkit improves its customer support by providing replacements for damaged essential items.",1,2026-07-17
Play Store,everything is ok but I need dore step delivery but for my area initially it's not taking orders so that I have to change my address to somewhere else so I can receive my order,5,2026-07-17
Play Store,Very fast and good service,5,2026-07-17
Play Store,extra delivery charge is not fare,2,2026-07-17
Play Store,best delivery app ever,5,2026-07-17
Play Store,"I am extremely disappointed with my Blinkit experience. The free storage container included with my order arrived broken. A damaged product should never be delivered to a customer, whether it is a free item or a paid one. What made the experience even worse was the poor customer support. My replacement request was denied simply because the main cat food package had already been opened. This is completely unfair, as the issue is with the broken container, not the cat food.",1,2026-07-17
Play Store,Best and better,5,2026-07-17
Play Store,super and fast service,5,2026-07-17
Play Store,"coat too high shown after selecting item, it's mean application is cheating to customer",1,2026-07-17
Play Store,"Very disappointing support. The app showed a ""Retry Payment"" option, which resulted in a duplicate order. I accepted one order and cancelled the duplicate, but Blinkit still charged a ₹20 cancellation fee for an issue caused by its own payment flow. The support chat closed automatically and didn't even provide a text box to reply. Poor customer service and an unfair policy. Please fix this.",1,2026-07-17
Play Store,Faster than bolt..,5,2026-07-17
Play Store,"actually really the quote is true, that blink is India's last min app,I've used this many times for printouts especially in early morning there are no printout shops but the printout feature helps me a lot and also most of the deliveries are super fast,I love Blinkit",5,2026-07-17
Play Store,first time dilvary next time star,3,2026-07-17
Play Store,"आज कल ब्लैंकेट बहुत बेकार प्रोडक्ट भेज रहा है और अगर कोई प्रॉब्लम होती है और अगर हम गलत प्रोडक्ट, और जब हम गलत प्रोडक्ट रिसीव करते हैं तो उनसे बात भी नहीं हो पाती ब्लैंकेट ऐप पर ऑप्शन दे रखे हैं उसमें मैसेज के कंप्यूटराइज लेकिन उससे कोई भी फायदा नहीं है कल मैंने तीन चीज ऑर्डर कीथी रसमलाई थी मैंने जो भी बहुत ज्यादा स्मेल कर रहे थे और बेकार थी लोगों से बात करने की कोशिश कर रहीहूं आई थिंक हमें अब ब्लैंकेट से शॉपिंग करना बंद करना चाहिए..",1,2026-07-17
Play Store,it's very bad experience every time I order with this app If I try to return the order or complain about the bed products there is no response because they are not having customer service staff it's 7 day to try daily basis return process but they close the window that the customer does not return the product,1,2026-07-17
Play Store,some products are not affordable but i love this service,4,2026-07-17
Play Store,"Fast, safe and friendly delivery.",5,2026-07-17
Play Store,Last minute saviour 😄,5,2026-07-17
Play Store,better price than Amazon.,5,2026-07-17
Play Store,packaging are not coming good now a days . if dairy product r there in order make it separately packed in waterproof bag,3,2026-07-17
Play Store,Fastest delivery,5,2026-07-17
Play Store,Dissapointing srvice my parcel was not really delivered and if you call delivery boy they gave you another delivery boy's number to talk and when I call the second one they gave me the third number and the third person give me fourth number and my parcel 📦 which I paid rs 5000rs was missing and nobody is a responsible person or incharge person was found big name poor service 🙁,1,2026-07-17
Play Store,Good and fast beat and clean delivery,5,2026-07-17
Play Store,very quick service,5,2026-07-17
Play Store,"I just love this app, I had been using it since 1year now. The delivery is fast and reliable in good packaging, also the product prices are competitive with D-Mart like stores. keep up the good work 👍",5,2026-07-17
Play Store,not satisfied with delivery,1,2026-07-17
Play Store,डिलीवरी बॉय बहुत सीरियस नहीं रहता है समय ज्यादा लगता है,3,2026-07-17
Play Store,I want to tell you guys that why you take extra charges me like middle class family can't effort it easily take it with no changes and sell then in their original prize,4,2026-07-17
Play Store,bar bar order cancel hua ....16/07/26......4/5 bar ....not good service,5,2026-07-17
Play Store,"excellent service , try your best to upkeep blinkit standards",5,2026-07-17
Play Store,fantastic service,5,2026-07-17
Play Store,it is very good experience. thanks blinkit,5,2026-07-17
Play Store,"Sohan Banai It's good, you can order in it.",5,2026-07-17
Play Store,really its blinkit have good service,5,2026-07-17
Play Store,All Services Good but Delivery Partner Live Location Update second to second..,5,2026-07-17
Play Store,I lovee blinkint deliver groceries in time and delivery partners are also good I appreciate blinkit❤️,5,2026-07-17
Play Store,always late delivery,1,2026-07-17
Play Store,prices are high,5,2026-07-17
Play Store,"i select the product to buy.. And after 10 minutes blinkit automatically increases the demand and says ""due to high demand add more product for free delivery.. 😆 What a joke.. Typical thug mentality.. I just empty the cart.. And i dont buy anything... 😆 Simple.. Sudhar jao blinkit customers bewakoof nahi hain..",3,2026-07-17
Play Store,delivery time is very high in night 1st it shows 13 minutes later it shows 23 minutes after sometime please fix it or dont take orders,1,2026-07-17
Play Store,one of the best,5,2026-07-17
Play Store,price too high in night and delivery charges handling charges packaging charges,1,2026-07-17
Play Store,payment system? 😡🤬😤 tension 🤬🤬🤬🤬🤬🤬,4,2026-07-17
Play Store,"worst service representative, received a new product which is defective. and after a conversation of half an hour. I receive a msg that contact the brand for the product. conversation suddenly ends.",1,2026-07-17
Play Store,worst app .some time item are missing and refuses to give refund waste,1,2026-07-17
Play Store,"I ordered and waited for 1hr but not received my order, when I asked on chat the canceled my order ,",1,2026-07-17
Play Store,Helps when needed..,5,2026-07-17
Play Store,fast and secure,5,2026-07-17
Play Store,मेरा घर जयपुर में सिरसी विधायक का में है तो भी यह ब्लैंकेट मेरे पास में नहीं आ रहा है मुझे पता है कि हमारे पास में थोड़े से दूर में ही ब्लैंकेट की है तो भी हमारे घर पर नहीं आ रहा है ब्लैंकेट तो मेरा यह कंप्लेन है अगर यह लोग कोई सामान घर पर नहीं पहुंचा सकता है तो आप इस ऐप को बंद कर दीजिए 😡😡😡😡,1,2026-07-17
Play Store,wonderful service,5,2026-07-17
Play Store,very bad I have ordered ice cream once it came all melted and now again it's came in half quantity with seal open,1,2026-07-17
Play Store,very testy and Creamy,5,2026-07-17
Play Store,very useful App to shopping.,5,2026-07-17
Play Store,"Blinkit new update is unexpected , good",5,2026-07-17
Play Store,this app is really good 😊,5,2026-07-17
Play Store,worst product given,1,2026-07-17
Play Store,very nice app and very helpful.,5,2026-07-17
Play Store,upi app se peyment done hone k bad blink it me payment recive nhi hui,1,2026-07-17
Play Store,So quick and polite also many varaties,5,2026-07-17
Play Store,best app ever 10 on 10,5,2026-07-17
Play Store,best app in the whole world,5,2026-07-17
Play Store,for 10 rs item they are charging 40,1,2026-07-17
Play Store,some time no riders,4,2026-07-17
Play Store,yah best dilevery app hai kyu ki yah saman ke sath sath insaniyat bhi bantate Hai abhi he blinkit ke ambulance 🚑 survice ne kamal kar diya hai or toh or yah free survice hai.... please blinkit esko hamesha free rakhiye ga kyu ki aap jaise log ge hai jo insaniyat dikha rahe aapke ek service se 1 family safe ho pa Raha save ho paa raha thankyou thankyou so much blinkit...... once again you are the best,5,2026-07-16
Play Store,terribly fast delivery. very useful in times of need. problem is that they don't deliver at the doorstep. that's not correct,3,2026-07-16
Play Store,I ordered bluetooth but item is not received support team not take any action regardind this . please don't use blinkit,1,2026-07-16
Play Store,the app is to good in emergency it delivered the item that wasn't at home and it delivered me in 9 minutes,5,2026-07-16
Play Store,order kiye 3 lake diye,1,2026-07-16
Play Store,its really helpfull but sometimes delivery man doesn't want to come at doorstep!,4,2026-07-16
Play Store,please check many .. crowded places don't get delivered.. i request you to see in west bengal Siliguri fulbari binnaguri allow dilivery because we also use blinkit .. please see if you can allow to deliver items from blinkit,4,2026-07-16
Play Store,very nice and beautiful,5,2026-07-16
Play Store,best app uegent,5,2026-07-16
Play Store,best service in this segment of delivery apps..,5,2026-07-16
Play Store,jaldi nhi ata h,5,2026-07-16
Play Store,"blinkit is the most useless app ,Never delivers goods on time.",1,2026-07-16
Play Store,some of thier delivery partners don't care about goods they are delivering. i ordered some foods including eggs but i received broken eggs and i don't have to say a thing to any person that can immediately resolve this.,2,2026-07-16
Play Store,bahut zyada hi mast or accha app hai,5,2026-07-16
Play Store,Very good service of delivery but some product specially vegetables should be focused for quality improvement.,5,2026-07-16
Play Store,really dispoint with blinkit wallet service very poor unable to use wallet money not using upi also cash on delivery,1,2026-07-16
Play Store,please fast speed,5,2026-07-16
Play Store,nice delivery partner,5,2026-07-16
Play Store,next level mid night early service kudos. thankyou,5,2026-07-16
Play Store,very nice service,5,2026-07-16
Play Store,very poor delivery or paisa jyada kat lete he lutne ki machine he ye sab,1,2026-07-16
Play Store,bad experience with this order very rude behaviour,1,2026-07-16
Play Store,"tomatoes are very bad and rotten, it sticks, please collect it back and stop giving bad items at online purchase.",1,2026-07-16
Play Store,"Good, on time delivery",5,2026-07-16
Play Store,verry poor experience,2,2026-07-16
Play Store,you are not taking my return order 😡🤬,1,2026-07-16
Play Store,good app for shopping,5,2026-07-16
Play Store,not working properly,1,2026-07-16
Play Store,yes its indias last minute app...loving it,5,2026-07-16
Play Store,blinkit delivers your order on time,5,2026-07-16
Play Store,blinkit ambulance build a trust thankyou,5,2026-07-16
Play Store,best app for fat work,5,2026-07-16
Play Store,I like blinkit but what I want that was out of stock,5,2026-07-16
Play Store,I ordered one TV Remote of Downey company and it was faulty and the voice control was not working. it was written that the replacement will be available but for 7 days of purchase. immediately after purchase I have raised concern. the assistant Aditi from the blinkit wasted my 1 & 1/2hr with her half knowledge to resolve the issue and at the end she said she can't replace because the remote is perfectly fine and the issue is with the TV even after sharing all evidence videos. very poor service.,1,2026-07-16
Play Store,today I have ordered a charger once I have checked in my cell phone it is not working properly once I have reserve request and blanket customer care he said there is no refund and refund policy this is your waste of services no politerately services worst of services your guys app providing to the customers I suggest each and everyone person don't install blanket I suggest try another platform which one is providing the bus service to the customers worst of services very poor services poor. 😡,1,2026-07-16
Play Store,rt best of best,5,2026-07-16
Play Store,I can order in this blinkit i have blinkit money I am placing order it coming like unable to order what happing very bad and blink not responding waste of time in this app don't use this app for emargency waste,1,2026-07-16
Play Store,"order par 7 day replacement likha hota h , glti se galat charger order ho gya 7 din chhodo 7 minute baad mukar gye total frod or 2 sal se use kar raha tha but please uninstall kar do me bhi kar raha hu local dukano se saman lo",1,2026-07-16
Play Store,Very Good Experience.,5,2026-07-16
Play Store,great only 7 minute fast delivery in my home 🏠,5,2026-07-16
Play Store,"I contacted Blinkit and they refused to replace the product. I tried complaining from the time I received the product but they keep on refusing my request. Then they said the product is same, it's just the packaging but when we cooked the rice it's completely different. Our family can't eat it. Using the app for years. It's a shame. Uninstalling the app.",1,2026-07-16
Play Store,good first I will happy I need more discount to you,5,2026-07-16
Play Store,very poor service,1,2026-07-16
Play Store,very poor service,1,2026-07-16
Play Store,so far the experience is good,5,2026-07-16
Play Store,worst experience,1,2026-07-16
Play Store,"Late delivery, for 1.3km it takes 23 minutes to deliver....",1,2026-07-16
Play Store,it's very bed experience. not replying properly about product warranty.,1,2026-07-16
Play Store,very short way for us and it's helpful,5,2026-07-16
Play Store,too much delay in most of the orders. and no responsibility from blinkit even if order is taking more than 35 mins,1,2026-07-16
Play Store,theek thak par rat thora kam hona chahiye,4,2026-07-16
Play Store,blinkit is available when nobody else all are closed . thankyou blinkit,5,2026-07-16
Play Store,to much expensive item they have,2,2026-07-16
Play Store,They just keep going Down with service; it's never Available.. Although my place is right next to the Warehouse.. Previous Review at 3 stars: I don't think you'll last long with level of service in Margao it's been too frequent that orders are being cancelled or delayed (also tampered with once) atleast keep COD 'on' so we don't have to wait for refund when you fail at your commitment.,1,2026-07-16
Play Store,very good service,5,2026-07-16
Play Store,It's a good platform and makes people happy by delivering on time 🙂,5,2026-07-16
Play Store,My first order with blinkit was the worst delivery experience I have ever had. There was no proper connectivity between delivery partner and the customer. And even assistance provided through the app took a very long time. I request you to resolve these issues before expanding your delivery services. The very purpose of the app is to create a smoother and quick delivery(blink ittt) but it's making things harder than usual.#,1,2026-07-16
Play Store,worst app i selected current location I am getting far away location due to which I suffered alot and their delivery partner not know how to speak,1,2026-07-16
Play Store,worst payment options,1,2026-07-16
Play Store,for me is the best aap I have ever seen,5,2026-07-16
Play Store,good quality give,4,2026-07-16
Play Store,stocks turn limited+ no offers,1,2026-07-16
Play Store,very pathetic service by blinkit. not delivered the order n Debit your amount. not getting refunded your amount. only gave. coupon which are useless. not recommended this app in Rudrapur. very pathetic service here.,1,2026-07-16
Play Store,I'm just fan of blinkit but I have one suggestion minimum oder price for free delivery 99rs hona chaiye yr because most off time itna kuch oder dena ni hota but delivery ke 30rs lgte h or 199 pr free delivery some time itne product ni chiaye hote ya rs ni lgane hote so please free delivery 99rs ke oder pr bhi do please I have request for this,4,2026-07-16
Play Store,good Service.......,5,2026-07-16
Play Store,SOO GOOD APP!!✨,5,2026-07-16
Play Store,all is good in this app . But it's service did not deliver in rural area,1,2026-07-16
Play Store,handling and delivery charges should be as per distance,2,2026-07-16
Play Store,very helpful app 👍,5,2026-07-16
Play Store,most of the time items received are damaged one specially bread,1,2026-07-16
Play Store,"You guys don't give me offers, and I've been doing blanket trading for a long time. The offers I get aren't through banks or UPI, so I'm very concerned about that.",5,2026-07-16
Play Store,good product and fast delevery but they don't see more offer anymore I always a last minute person who buy online but they now not giving new offer for me or like me peoples. 🙏🙏🙏,3,2026-07-16
Play Store,service very bed item rate high..,1,2026-07-16
Play Store,worst products dont buy i ordered i bang rice of 26 kgs its getting bad smell ofter cook old stock,1,2026-07-16
Play Store,the aap is good but the service charge is too much for the short distance.,3,2026-07-16
Play Store,bring it safe ☺️ careful,5,2026-07-16
Play Store,blinkit is very good in service and there products i had may apps but now only blinkit allways best and better never faced any issue with there products or services excellent service,5,2026-07-16
Play Store,great app great service,5,2026-07-16
Play Store,this app is very helpful for the item that are needed urgently,5,2026-07-16
Play Store,very good service,5,2026-07-16
Play Store,expected service,5,2026-07-16
Play Store,sab expired maal hai relabel karke bech rahe hain blinkit vale. zero quality assurance.,1,2026-07-16
Play Store,very convenient for ordering any item,5,2026-07-16
Play Store,handling fees why,1,2026-07-16
Play Store,I got many defective products after replacement also,1,2026-07-16
Play Store,always my order arrived on time and I get everything in reasonable rates,5,2026-07-16
Play Store,could not apply the discount coupon,1,2026-07-16
Play Store,if it comes really I will give out of out stars,5,2026-07-16
Play Store,"You are best you don't work for yourself you work for all indians, your free ambulance service is best thanks you blinkit for doing all this things",5,2026-07-16
Play Store,prices are lower on other apps,3,2026-07-16
Play Store,total price is more than displayed on products,4,2026-07-16
Play Store,very good products and fast delivery,5,2026-07-16
Play Store,very fast and super service. thanks.,5,2026-07-16
Play Store,this is very bakwas service aapde 50 niche ni vastu bi na mangai shkiye ane mangai a toh cencel bi na thai shke matlab chi yar bakwas service zepto is better,1,2026-07-16
Play Store,give rotten fruit and didn't get any resolution,1,2026-07-16
Play Store,wow great job 👏 👍,5,2026-07-16
Play Store,very helpful app,5,2026-07-16
Play Store,very nice 👍 i am very happy,5,2026-07-16
Play Store,very good service,5,2026-07-16
Play Store,very convenient app,5,2026-07-16
Play Store,I order Verka dahi and rosemary but order is seprate,1,2026-07-16
Play Store,i didn't order anything now automatically something has been ordered and saying it's on it way what is all this?,2,2026-07-16
Play Store,good experience,5,2026-07-16
Play Store,offering 100 of on RBL card but on time of payment no option available showing 10% off on Axis but not available on the final payment,1,2026-07-16
Play Store,taking too much time to assign delivery partner,1,2026-07-16
Play Store,very good service,4,2026-07-16
Play Store,damage material,1,2026-07-16
Play Store,just simply great,5,2026-07-16
Play Store,so many products are not available,3,2026-07-16
Play Store,faster service thank you,5,2026-07-16
Play Store,delivery charges are so high,1,2026-07-16
Play Store,my order is incomplete why,1,2026-07-16
Play Store,very much good 😊,5,2026-07-16
Play Store,timely delivery.,5,2026-07-16
Play Store,"Blinkit is one of the best quick-commerce apps for daily essentials. Delivery is usually very fast, often within 10–20 minutes in supported areas. The app is easy to use, has a wide range of products, and customer support is generally helpful. However, some items can be slightly more expensive than local stores, and occasionally products may be out of stock. Overall, it's a great option for convenience and urgent grocery needs.",5,2026-07-16
Play Store,this is perfect app for delivery,5,2026-07-16
Play Store,I love this app,4,2026-07-16
Play Store,fastest delivery ever,5,2026-07-16
Play Store,not packed my order so bad experience,2,2026-07-16
Play Store,osm on time delivery,5,2026-07-16
Play Store,vegetables were completely bad 😔,2,2026-07-16
Play Store,very nice service,5,2026-07-16
Play Store,order to ache hai but charge be sath mai le rehe ye galt bat hai 😒lout rakha logo ko 😒😏,1,2026-07-16
Play Store,Samrat MP Rava 1 kg Packet is torn. I want to return it but they closed the complaint.,1,2026-07-16
Play Store,waste Miss out one item,1,2026-07-16
Play Store,delivery charges,4,2026-07-16
Play Store,I'm giving one star because most of items aree out of stock,1,2026-07-16
Play Store,COD available this is the best option for minors👍🏻,5,2026-07-16
Play Store,one day they canceled our order and we did a online payment and yet they didn't refund our money,1,2026-07-16
Play Store,better experience,5,2026-07-16
Play Store,"seems like both, Blinkit and Zomato, have started to take customer patience for granted. either they can't deliver the order on time or they can't deliver at all. pattern is starting to emerge. they are losing the ethical responsibility towards order delivery",1,2026-07-16
Play Store,delivery partners are best but blinkit company sucks🤌🏻,1,2026-07-16
Play Store,everything is reaching by time the delivery partners are good,5,2026-07-16
Play Store,viry fast service,5,2026-07-16
Play Store,Very good product with competative price. Thanks,5,2026-07-16
Play Store,excellent service,5,2026-07-16
Play Store,thank for arriving to rainy days thanks anuj you are great he deserves promotion,5,2026-07-16
Play Store,charges are very high,1,2026-07-16
Play Store,very very nice app,5,2026-07-16
Play Store,tey will charge more price like demand charges I don't like it,3,2026-07-16
Play Store,IT IS OVER ALL GOOD EXPERIENCE WITH BLINKIT. IT DELIVERS IN 6 - 7 MINUTES ONLY ORDERS TO ME . WITH PROPER PACKINGS OF ICE-CREAMS AND OTHER THINGS . THE RIDER'S BEHAVIOUR WAS ALSO GOOD . IT DELIVERS IN PROPER BAG . AND A DIFFERENT BAG FOR ICE - CREAMS. ALL IT'S TO MUCH GOOD 😊👍🏻. EXPERIENCE WITH BLINKIT.,5,2026-07-16
Play Store,location par nhi phuch paate,1,2026-07-16
Play Store,Best Purchasing and Best Dealing application,5,2026-07-16
Play Store,FAST AND FURIOUS GOOD FIR EMERGENCIES,5,2026-07-16
Play Store,"just amazing, cuz u don't expect anything at last minutes but blinkit, so yeah a really helpful app for me and my family.",5,2026-07-16
Play Store,amazing dilevery in katra,5,2026-07-16
Play Store,very good experience deliver good product,5,2026-07-16
Play Store,lengthy process,2,2026-07-16
Play Store,it is good but when it is something of low charging item it charges more makes profit from it,5,2026-07-16
Play Store,bestt app for last minute stuff😭,4,2026-07-16
Play Store,Excellent prompt service,5,2026-07-16
Play Store,#(Best Experience Ever)🇮🇳❤️🌏☄️,5,2026-07-16
Play Store,Indians no.1 10 min shopping app very Good 👍🏿 👌🏻 👏 😀 😄 😎 👍🏿 👌🏻,5,2026-07-16
Play Store,very helpful app nice,5,2026-07-16
Play Store,really useful app,5,2026-07-16
Play Store,It's good but something is there which i dont like 🤔,3,2026-07-16
Play Store,the order was easily placed,5,2026-07-16
Play Store,mossst off the ridders who attended me are so rude,3,2026-07-16
Play Store,It’s Helpful for me,5,2026-07-16
Play Store,Bad experience 😠😠,5,2026-07-16
Play Store,Bahut Aachi suvidha,5,2026-07-16
Play Store,very very poor service.... completely frustrated 🥴,1,2026-07-16
Play Store,outstanding ********,5,2026-07-16
Play Store,good for necessary items provided in few times,5,2026-07-16
Play Store,Each and every detail of the apps interface is to good the delivery experience is fantastic and effortless. The only thing is it has very limited offers on different products and prices are somewhat higher as compared to other quick commerce platform. It's in my area I can't tell about others. Thank you! ❤,5,2026-07-16
Play Store,Delays hidden charges,2,2026-07-16
Play Store,fast delivery . very good customer care response .,5,2026-07-16
Play Store,Very poor customer support,1,2026-07-16
Play Store,truly my last minute app great service,5,2026-07-16
Play Store,somehow beneficial for bachelor. Quality also average.,4,2026-07-16
Play Store,time delivery and easy and good platform,5,2026-07-16
Play Store,excellent service,5,2026-07-16
Play Store,Nice app but too costly,5,2026-07-16
Play Store,"Hi Blinkit Team, I received my order, but the 1× Stylus Pen (Black) was missing from the package. I contacted customer support, but my refund/redelivery request was declined even though I never received the item. Could you please review my case again? I can share my order ID and supporting screenshots.",1,2026-07-16
Play Store,best and fastest delivery app of my life 🥰,5,2026-07-16
Play Store,good app n service,4,2026-07-16
Play Store,service bahut achcha,5,2026-07-16
Play Store,bohot hi maza aa raha he apne saman ko itni jaldi pane me.thank you blinkit 🙏,5,2026-07-16
Play Store,it's very useful in case of emergency,5,2026-07-16
Play Store,Exceptional. Keep it up.,5,2026-07-16
Play Store,smooth app. been ordering from the app since last year. also works if you are in another state and know nothing about the market area there.,5,2026-07-16
Play Store,ok nice time is placed,4,2026-07-16
Play Store,does not do anything my product seal was damaged and thay do nothing but say it's not valid reason to get coupon or refund,1,2026-07-16
Play Store,VERY lightening Service,5,2026-07-16
Play Store,everytime I order something they freeze the time and for an hour they show reaching in 12 mins bloody they don't even assign a partner to pack 1 earphones and send its taking them 45 mins while the distance of delivery adress is just 1.2 kms,1,2026-07-16
Play Store,product issue first time,1,2026-07-16
Play Store,The worst app. they cheated me of Rs 3672. fraud company. would not recommend anyone. i didnt even want to give 1 start. but witout that cannot post a review,1,2026-07-16
Play Store,excellent service,5,2026-07-16
Play Store,blinkit is a very useful app because every grocery items order and delivery few minutes this is very I suggest all Indians are download blinkit and try this this is very wonderful,1,2026-07-16
Play Store,Best app to buy things at any time within 10-8 minutes 💫,5,2026-07-16
Play Store,what is this surge charge?,1,2026-07-16
Play Store,"The delivery person was right on time , but there was a system fault regarding the location of the delivery. The person was not at fault. For this reason I am giving a 4 star. (Please note: A new feature should be added to the system , where both the buyer's and the delivery man's consent are taken regarding the successful delivery of the product in the app , this acts as a remedy to the technical fault that happens in the Blinkit app) If this is implemented, I will consider giving it a 5 star.",4,2026-07-16
Play Store,low price best items,5,2026-07-16
Play Store,the packaging was not good the bag was open and if it is some personal essential then whaat to do it is my first time with this situation and i am totaly disappointed and the man who dilivered was also very rude and cant even wait for a while,1,2026-07-16
Play Store,Very helpful app,5,2026-07-16
Play Store,not so good not so bad just okay .. because every time you have to buy more than 150RS products.. and Sometimes You got different products .. In my first order I got wrong dairy milk chocolate... That why It's just okay,3,2026-07-16
Play Store,or fastt ho sktaa hh,5,2026-07-16
Play Store,worthless app no cancel option or conformation option,1,2026-07-16
Play Store,you can get everything very fast and can order many electronic and other house assesories,5,2026-07-16
Play Store,because you close cash on delivery pls open cash on delivery,4,2026-07-16
Play Store,everything is on time on this app,5,2026-07-16
Play Store,product quality not good ...i will never perchage this app,1,2026-07-16
Play Store,very good for daily use,5,2026-07-16
Play Store,Quite Satisfied But Advice To Control On Prices.Compare To Another On Line Delivery System Concerns.!!,4,2026-07-16
Play Store,poor app no swiss roll available 😡😡😡😡,1,2026-07-16
Play Store,"I was disappointed with the quality of the products. The fruits I ordered appeared to be artificially ripened and were not fresh. Additionally, the coconut water tasted unpleasant and seemed to be of poor quality. Unfortunately, after consuming these items, I became unwell. I hope you improve your quality control and ensure that customers receive fresh and safe products.",1,2026-07-16
Play Store,India's best creation,5,2026-07-16
Play Store,we don't have service in nandurbar,1,2026-07-16
Play Store,very late delivery I'm getting late,1,2026-07-16
Play Store,very good Iam happy,5,2026-07-16
Play Store,very nice and prompt service with courteous delivery man.,5,2026-07-16
Play Store,very nice experience. fast delivery good.,5,2026-07-16
Play Store,I love blinkit and mostly everything is available so it's a nice app ✨,5,2026-07-16
Play Store,it doesn't work in my locality as it claims😑,2,2026-07-16
Play Store,good working ook,5,2026-07-16
Play Store,I think this is one of the best apps I've used and their staff's behaviour and gesture is also very good and polite. I really like their fastest delivery system. Thank you blinkit 😊,5,2026-07-16
Play Store,good for everything and work,5,2026-07-16
Play Store,they didn't refund my money as they failed to send item,1,2026-07-16
Play Store,service is extremely very good 👍🏻,5,2026-07-16
Play Store,I want to give 5 stars but every time I pay for the order somehow my payment got failed and have to order again but refund comes within seconds but still why my payment get fail on first attempt,4,2026-07-16
Play Store,this is the best app to get products in minutes and it's so better for students for printouts,5,2026-07-16
Play Store,best quality of allproducts,5,2026-07-16
Play Store,aditya delivery boy damaged my 1 kg amulk milk nd has not return my m9ney yet,1,2026-07-16
Play Store,very good service .Thank you .we appreciate 🙏,5,2026-07-16
Play Store,late delhivery no contact delhivery partner,1,2026-07-16
Play Store,"very bad experience of blinkt order , I ordered 5kg atta & handling bag charges deducted but no bag provided, its totally scam.",1,2026-07-16
Play Store,it is good aur sabko pata hai acchi app hai 😑,5,2026-07-16
Play Store,Bhai bhot tagda app he me ise minto me saman mag ata hu,5,2026-07-16
Play Store,eh app Buhat shandaar a awesome 👍🏻😎,5,2026-07-16
Play Store,within no time I received my order more faster than swiggy orany other delivery app. the delivery agent amwas so fast just 7 minutes I received my order.. although this was my first trail but looking forward for more.. than you blinkit,5,2026-07-16
Play Store,the service and delivery is good,5,2026-07-16
Play Store,most items are out of stock in my station,2,2026-07-16
Play Store,"I add soya chips, for avoiding delivery charges I add other item, at the time of payment they remove soya chips and add delivery charges. the main product I did not get",1,2026-07-16
Play Store,The product I ordered turned out to be useless. and very very bad useless product,1,2026-07-16
Play Store,time convinient store,5,2026-07-16
Play Store,very good for emergency,5,2026-07-16
Play Store,icecream puri melt hai and koi reply nhi,1,2026-07-16
Play Store,good product no delivery charges ❤️❤️,5,2026-07-16
Play Store,"Investor money running out, no more refunds, only scams. They sell mutton packaged with 80% bones by weight and when you complain they say it's already consumed. Account deleted, will not be returning till they refund that item. I ordered 8000+ rupees worth of groceries from them and they don't believe the customer for one item out of the 40+ that I ordered to be of bad enough quality to warrant a refund. Marks the decline of the brand and the trust that they will never regain.",1,2026-07-16
Play Store,taking extra charges,3,2026-07-16
Play Store,I still didn't get my refund even though I returned the item and they said the money will be added in 5-7 working days but its already been 11days I still didn't got the refund. and I want to report the assistant her name is Rani. I want my refund,1,2026-07-16
Play Store,Very nice polite staf Good quality food,5,2026-07-16
Play Store,so good for those who are lazy to go and get groceries,4,2026-07-16
Play Store,duplicate items delivered by blinkit don't order with this platform they know more than Customer about product quality if you said this is duplicate they said no we have geniune suppliers after delivering a cheap quality advance compact and after delivering they didn't have any solution for you ye choro aaj 16 july h or ek or scene hua charger order Kiya vo return nhi kr rhe h same day hi hua h just abhi bol rhe h dusre mobile se check kro ya dusra adaptor ya cable se check kro bde hi boddom h,1,2026-07-16
Play Store,super grocery delivery app,5,2026-07-16
Play Store,Mera order mere pass nhi aaya or kisi or location pr delivery kr diya oor paise v wapis nhi aye fake app,1,2026-07-16
Play Store,nice experience,5,2026-07-16
Play Store,I've been trying to order smthg from Amazon but it kept rejecting my request and cancelling my order and blinkit did not deny my order like Amazon soo I'll be looking ahead to buy something from blinkit from now on,4,2026-07-16
Play Store,"worst kind of customer care and service. They are not bothered whether the product received is damaged, expired.. or any concern faced by the customer. only they say window closed .",1,2026-07-16
Play Store,I love this app,5,2026-07-16
Play Store,it's good for get any item in mint but it's take long time to get order,4,2026-07-16
Play Store,excellent services home delivery,5,2026-07-16
Play Store,Very difficult to Shop,1,2026-07-16
Play Store,fast delivery and service was good,4,2026-07-16
Play Store,best app for emergency...,5,2026-07-16
Play Store,very fast delivery,5,2026-07-16
Play Store,half kg tomato Rs.83 oh my god,1,2026-07-16
Play Store,this is app super,5,2026-07-16
Play Store,"excellent delivery in our area , totally impressed 👍🏻😁",5,2026-07-16
Play Store,good application easy to use thank you blink it IT team and other persons working in it,4,2026-07-16
Play Store,useless service,1,2026-07-16
Play Store,blinkit is a best order platform,5,2026-07-16
Play Store,prices not as good as others. and the minimum cart value for free delivery is very high.,1,2026-07-16
Play Store,nice app to delivery,5,2026-07-16
Play Store,very nice 🙂👍🏻👍🏻👍🏻,5,2026-07-16
Play Store,Maine isse pehle order Kiya mera payment ho gaya fir payment cancelled btaya or mera ab payment 3 to 4 days me refund aayega ye kaisa hua,1,2026-07-16
Play Store,good it can be delivered in 12 minutes or 15 minutes,5,2026-07-16
Play Store,bekar hai ye app,1,2026-07-16
Play Store,best app this app do not preassure riders so they can riders freely and app is very quick just 13 min delivery,5,2026-07-16
Play Store,excellent work always 🙂🙂🙂🙂,5,2026-07-16
Play Store,because 120 ka product 155 mein bech Raha aap logon it's to truly bad I am very disappointed of you blanket chii,1,2026-07-16
Play Store,I can't explain how I really like blink it app omg do much good,5,2026-07-16
Play Store,this is very good experience to deliver in your item this is very good service,5,2026-07-16
Play Store,wery welll app my time to move now,5,2026-07-16
Play Store,this people offer pathetic service. their delivery partners misbehave and are rude. if order gets cancelled then the payment is refunded in 3-5 working days. i had an issue with flipkart they verify and process the refund immediately. Flipkart is better. even after 5 days refund is pending,1,2026-07-16
Play Store,good app and company,5,2026-07-16
Play Store,always unavailable like From past 5 days it has been showing me only this unavailable like why??,1,2026-07-16
Play Store,good service and short time service experience,5,2026-07-16
Play Store,Spam ads through many apps.,1,2026-07-16
Play Store,what a fastest delervery,5,2026-07-16
Play Store,Very Good Experience With Blinkit....,5,2026-07-16
Play Store,standard guidelines are not followed at ground level,1,2026-07-16
Play Store,good app Magar yahan per delivery charge bahut lagta hai but good 🙏,5,2026-07-16
Play Store,this app is very reliable for people who have the marts far away..so till now I don't have any complains,5,2026-07-16
Play Store,very super products very super fast time,5,2026-07-16
Play Store,very bad experience and my order is delayed 1hr 20 mins and I still get no trace payment is already done,1,2026-07-16
Play Store,"good, vesy useful",5,2026-07-16
Play Store,very good service,5,2026-07-16
Play Store,one thing that can be improved is the search feature. there are many things/ ingredients which have local names so it becomes hard to search them especially for elders and parents. other than that I don't see any short comings.,4,2026-07-16
Play Store,fraud delivery guys r increasing,1,2026-07-16
Play Store,"I just ordered few chilled drinks, they came in paper bags which obviously got soaked. Can you please change the packaging for the products.",3,2026-07-16
Play Store,some delivery boy is rude,3,2026-07-16
Play Store,"horrible experience you guys are idiots, when you don't have stock why the hell are you listing it in your app and letting me place order then refund it",1,2026-07-16
Play Store,delivery is good service is also very good but cost is very high please less your price,1,2026-07-16
Play Store,"overall good but the tracking system has been glitching, it doesnt work like it used to anymore, the delivery guy doesnt move on the map icon and randomly teleports right when he is outside the house.",4,2026-07-16
Play Store,Veer beautiful Good 👍,5,2026-07-16
Play Store,it's too good and helpful and all the delivery partner's are so kind,5,2026-07-16
Play Store,plz upgrade the quality of ur delivery paper bags most of the time the stuff comes in torn bags,2,2026-07-16
Play Store,They supply inferior quality and there is no option for return. So our money go waste and their balancesheet so Profit,2,2026-07-16
Play Store,wrost service and late delivery,1,2026-07-16
Play Store,very bad service this service very poor because bahut kharab service deta hun itna kharab service tha marudhu nahin dega is app ko band ho jana chahie jitna kharab service deta hai na use hisab se bani hona chahie India mein rahana bhi nahin chahie,1,2026-07-16
Play Store,"best experience as compared to other and fast , maintaining all the products",5,2026-07-16
Play Store,good experience with the blinkir,5,2026-07-16
Play Store,but there is one flaw that is delivering person always doesn't have change so they say to pay online though I select cash on delivery,4,2026-07-16
Play Store,"My zone is non serviceable area even though it's just 700m away from last servicable zone , I tried reaching out to customer support before but no help was provided. If possible I won't give even one star",1,2026-07-16
Play Store,kharab service 😡😡,1,2026-07-16
Play Store,nice app i like this app,5,2026-07-16
Play Store,"Hi Blinkit Support, I received my order after around 25 minutes, but the experience was disappointing. The delivery agent's call audio was barely audible, he reached the wrong location despite the correct address, and I had to walk outside my street to collect the order. This defeated the purpose of ordering online. Considering the inconvenience caused, I request a goodwill compensation in the form of Blinkit Cash or a coupon. Thank you.",1,2026-07-16
Play Store,very bad experience over through the delivery bpartner,1,2026-07-16
Play Store,"Exceptional service! Reliable deliveries, authentic products, and a seamless shopping experience. Blinkit has become my go-to app for everyday essentials.",5,2026-07-16
Play Store,"Amazing service! Fast delivery, great packaging, and everything arrived on time. Very convenient and reliable. Keep up the great work, Blinkit",5,2026-07-16
Play Store,One class app hai please isi ko use kare try please 🥺 so very much itni jaldi fast delivery ho jati hai ok bro isi ko use kare,5,2026-07-16
Play Store,very useful app. it is very easy to use it,5,2026-07-16
Play Store,best app for fast shopping,5,2026-07-16
Play Store,"Whenever I ordered something, it was already open",2,2026-07-16
Play Store,Worst in class support team and idiotic order delivery and sorting.,1,2026-07-16
Play Store,bahut achcha app hai Ghar baithe Manga sakte hain aasan tarika,5,2026-07-16
Play Store,take 30 minutes for single orders to deliver as they need 10 minutes to assign a delivery person. so annoying and irritating such a time waste better go with zepto it takes 10 minutes to deliver the order and such a reasonable price.,1,2026-07-16
Play Store,Loved this app asf!!! one of the best things Ive ever used.. very very helpful tbh 🤌🏻🫶🏻,5,2026-07-16
Play Store,worst products the deliver.,1,2026-07-16
Play Store,smart and fast delivery,5,2026-07-16
Play Store,it's selling expired products through the app. figure it out yourself from order reviews @support team from blinkit,1,2026-07-16
Play Store,handling charges seem more,2,2026-07-16
Play Store,because of extra charges,4,2026-07-16
Play Store,this is so good app please try this,5,2026-07-16
Play Store,"item me thoda sa gadbad hoti hai jese onion ki pic fresh dikh rahi hai but jab aaye hai to not so good, baki sabhi packed item se koi shikwa nahi hai abhi tak to",4,2026-07-16
Play Store,fast delivery and best app,4,2026-07-16
Play Store,"Blinkit is now tricking people on refund of money when opting for voucher in a promo code and reduced the time from 6 months to 1 month. it was my money, not a free promo code. If they think they can get away with this then good luck. you just did not lose me, but my entire family who used it.",1,2026-07-16
Play Store,"almost all of the time there's no option for cash on delivery, for older ppl and ppl who do do not use online payment do not find it convenient",1,2026-07-16
Play Store,app but only to expensive,1,2026-07-16
Play Store,delivery timing is very good ❣️,5,2026-07-16
Play Store,waste app other app payments was not support,2,2026-07-16
Play Store,waste app Blinkit 🙄 😒 😑 😐 😕 🙄 it's taking too much time when we got a different item from the chosen item. It takes upto 3 to 4 days to get that item from us. It’s very waste app 😒 😑 🙄 😐 😕 I'm requesting everyone please don't try to install Blinkit app bloody idiot app 🙄 😑 😒 😉 😐 and waste then the remaining online ordering apps 🙄 😑 😀 😒 😉 😐,1,2026-07-16
Play Store,Why Kannada names removed and Hindi names added? Bangalore is a Kannada city.,1,2026-07-16
Play Store,very good blink kit,5,2026-07-16
Play Store,sach mein bahut achcha hai,5,2026-07-16
Play Store,good experience....very fast delivery,5,2026-07-16
Play Store,extra hidden charges r jst bad,3,2026-07-16
Play Store,funtastic service,5,2026-07-16
Play Store,affordable products and delivery on time,5,2026-07-16
Play Store,bestest help great delivery experience,5,2026-07-16
Play Store,this app is veryyyy good,5,2026-07-16
Play Store,Fast delivery awesome 👍😎😎,5,2026-07-16
Play Store,delivery partner experience was bad,1,2026-07-16
Play Store,excellent service,5,2026-07-16
Play Store,very nice app and nice work and any time any way to use the app really so nice app,5,2026-07-16
Play Store,Best service every time,5,2026-07-16
Play Store,some item price is more,5,2026-07-16
Play Store,very good service,5,2026-07-16
Play Store,best app for instant items (if you need),5,2026-07-16
Play Store,making people fool by showing delivery time 8 to 10 min max. but their clock stops at 6 mins . until the order gets delivered.,1,2026-07-16
Play Store,it is better than MYRIK and JIOMART,5,2026-07-16
Play Store,without blinkit bag. how we trust u. poor service,2,2026-07-16
Play Store,when ever i order from here i get delivery late as the captains say they have double orders and i have to wait for a longer period but the service is good,1,2026-07-16
Play Store,For not using Kannada Names,1,2026-07-16
Play Store,Doesn't serve in regional language 👎,1,2026-07-16
Play Store,"Scandalous App If you can go to market even with substantial difficulty, don't even think about using this. They don't allow you to order 4 portions of any vegetable, so that they can double the delivery charges. For example, I was trying for chilli @23/250gms, it didn't allow more than 3 of them, and the overall charge was ₹140. ₹140 for 750gms of chilli.",2,2026-07-16
Play Store,product are coming damages,1,2026-07-16
Play Store,froud karta hai payment refund nehi karta hai please not useful this grocery app.,1,2026-07-16
Play Store,after 15 min also delivery partner is not assigned,1,2026-07-16
Play Store,i have added wallet money but it shows no available use this time. fix this for me i had an emergency and it gave me a big disappointment.,1,2026-07-16
Play Store,too good and Fast service very helful for every one,5,2026-07-16
Play Store,"good experience for oder anything, anywhere & anytime...",5,2026-07-16
Play Store,डिलीवीरी चार्ज हटाओ हमारी मांगे पुरी करो🤣🤣🤣🤣,3,2026-07-16
Play Store,veri good veri fast delivery 👍,5,2026-07-16
Play Store,if you cancel your order they are not going to give back your money.... the worst experience happened to me..,1,2026-07-16
Play Store,good and polite service easy to buy groceries when urgent,5,2026-07-16
Play Store,Great app . Made life easy .,5,2026-07-16
Play Store,very fast delivery,5,2026-07-16
Play Store,"Nice app, very fast delivery of products",5,2026-07-16
Play Store,fastest 😎 good service 👍,5,2026-07-16
Play Store,experience is very good and you provide every item you want so I suggest you this is the best app for order any item,5,2026-07-16
Play Store,He charges more than the listed price; he sells the product at a very high cost.,2,2026-07-16
Play Store,whn I thrice then cod is not available so I don't like it then I m giving 2 stars rating,2,2026-07-16
Play Store,this is not good behaviour because liver is always out of stock what is blinkit I am waiting yesterday to today liver is not stock till now liver is not stock within 2 hours then I am delete blinkit 😡😡😡,2,2026-07-16
Play Store,handling charges painful 😔,2,2026-07-16
Play Store,bahut bekar app h mere paise kha gya 3 hjar,1,2026-07-16
Play Store,"we have issue that the app is not ready to deliver things in every area for eg. jammu, samba vijaypur Ramgarh keso manhasan so we are requesting you to fix this problem and provide your service to each and every place after getting your response I recheck the app but I can't see any product or can make id in it so how I will give you my order details",1,2026-07-16
Play Store,sab acha hai bss aap har order par cash on delivery kardo,5,2026-07-16
Play Store,very much time taking but worth it..... but i think this is better than apna mart .... atleast it have all the things i. stock so ⭐⭐⭐,2,2026-07-16
Play Store,love their survice whenever its emergency for any tbing i always do blinkit thanks to blinkit team our indias last minute app💗🎀✨️,5,2026-07-16
Play Store,Love it as much as I can get things delivered to the door step in minutes.Service is great !,5,2026-07-16
Play Store,very fast delivery 🚚 I am so happy ☺️,5,2026-07-16
Play Store,good good but package 📦 📦 is so cheap,5,2026-07-16
Play Store,Nice delivery app.,5,2026-07-16
Play Store,too much delivery charges,1,2026-07-16
Play Store,easy buy at best price,5,2026-07-16
Play Store,ye bhott hi acha h ghar order aata h but ye orr jgh bi aana chiye jha is ka order milta h mhuje vo jgh mere ghar se 27 km dur h ye siwani m bi hona chiye,3,2026-07-16
Play Store,very good helpfull for us,5,2026-07-16
Play Store,very recommended app,5,2026-07-16
Play Store,very bekar over price expire product,1,2026-07-16
Play Store,Superb Experience. Best App for last minute needs. 10/10,5,2026-07-16
Play Store,this is best app,5,2026-07-16
Play Store,cash on delivery is there,5,2026-07-16
Play Store,"greate service , and also option for emergency ambulance with free service 🥹🫶 ... if there is limit of 6 star then I will give 6 star ❤️‍🩹",5,2026-07-16
Play Store,makana quantity very less disappointed 😞,5,2026-07-16
Play Store,that's very easy to order products if I see this owner I will thank him very much for this service,5,2026-07-16
Play Store,overcharge and overpriced product very bad experience,1,2026-07-16
Play Store,order never reaches on time and they this each and every time just making fake promises to be instant delivery. Flipkart minutes is way better than you guys.,1,2026-07-16
Play Store,you are not using kannada when you are serving in Bangalore and being biased.,1,2026-07-16
Play Store,super fast delivery,5,2026-07-16
Play Store,They deliver the things on time which made me impress.,5,2026-07-16
Play Store,Use the Kannada description in English at least when you are serving in Karnataka. I just uninstalled the app. Stop hindi imposition.,1,2026-07-16
Play Store,awesome All Working 💪,5,2026-07-16
Play Store,"Fast delivery, good customer support, good delivery partner behaviour, overall very good experience",5,2026-07-16
Play Store,extraordinary service keeping costomer privacy 🔏 i loved IT,5,2026-07-16
Play Store,It is good app but mostly when I put correct adress it comes by another way..,2,2026-07-16
Play Store,app is grt but i wish there was an option to change the phone number,5,2026-07-16
Play Store,Last minute surely helpful!!,5,2026-07-16
Play Store,giving 3 starts because amazon moeny transaction issue that is given in offer,3,2026-07-16
Play Store,great delivery ❤️👍,5,2026-07-16
Play Store,0 timing efficiency,1,2026-07-16
Play Store,good application for daily use 👍,4,2026-07-16
Play Store,outstanding service.,5,2026-07-16
Play Store,its really useful. some medicines are also available on blinkit which a plus point. and they verify and crosscheck with doctors before giving the medicine. all the other stuff is also on time.,5,2026-07-16
Play Store,"Fast delivery, fresh product, and secure packaging. Will definitely order again.Exactly what I was looking for. Great experience with Blinkit. Thank you!",5,2026-07-16
Play Store,very good service as well as quality products,4,2026-07-16
Play Store,awesome nyc facility,5,2026-07-16
Play Store,very nice app I even got my print at at my home 😍🤩...... but yes take your risk.... your expenditure may increase 😅,5,2026-07-16
Play Store,"delivered on-time,best in business",5,2026-07-16
Play Store,"so nice, right time of delivery 👍",5,2026-07-16
Play Store,Why is there no description of the items in kannada in Bengaluru?,1,2026-07-16
Play Store,Genuinely quick doorstep delivery.,4,2026-07-16
Play Store,"The support team is very bad , received damaged eggs",1,2026-07-16
Play Store,taking too long time 😭,1,2026-07-16
Play Store,faulty products,1,2026-07-16
Play Store,delivery person won't carry cash or change,4,2026-07-16
Play Store,superfast and amazing app it saves lots of time.,5,2026-07-16
Play Store,"This is a very bad app. I placed an order worth ₹640, but I didn't know it would be delivered in two separate deliveries. The delivery boy took an extra ₹306 from his mistake. Please don't order groceries from this app",1,2026-07-16
Play Store,very useful and reliable app.. there services are too good,5,2026-07-16
Play Store,raider apni marzi se aate ha esa nahi h raider fast agaya uski marzi ha hmare bolne pr nahinayega uski marzi hugi tu ayega,1,2026-07-16
Play Store,it's very fantastic aap amd helpfull thank to blinkit,5,2026-07-16
Play Store,"they have no respect towards kannada , in the land of kannada they started imposing hindi",1,2026-07-16
Play Store,Service is nice but sum items were missing in phone acceri ess,4,2026-07-16
Play Store,pahli bar order Kiya Hai rs 5 ki chori ki,1,2026-07-16
Play Store,3rd class dogs stop using cringe hindi language in south,1,2026-07-16
Play Store,It was a very bad experience not getting the options to cancel the placed order they are taking surcharge fee for no reason,1,2026-07-16
Play Store,continuous fraudulent and no team support,1,2026-07-16
Play Store,souji product leak,1,2026-07-16
Play Store,faster dilevery,5,2026-07-16
Play Store,the perfect app and helping me I loved this app very much thanks to the this aap,5,2026-07-16
Play Store,too much surge charges,1,2026-07-16
Play Store,Wow it's a good app. Lately they are charging extra.. time is getting late...,5,2026-07-16
Play Store,very 👍👍👍 nice delicious thanks a lot to blink it.,5,2026-07-16
Play Store,"Amazing experience, very fast and also original products, shopping made easy",5,2026-07-16
Play Store,best delivery app ever,5,2026-07-16
Play Store,fraud app hai 2 mahine hogya mera refund nhi ayaa hai please koe kuch nhi mangwa ya kare ess app se..🤬,1,2026-07-16
Play Store,this was a very bad experience I ordered a product and I payed online and the amount was deducted from my account but the order was cancelled even I didn't cancelled it and they said the refund will be given in 5 days I hate this type of service from blinkit I wanted the order for an emergency but I got nothing nor my order nor my refund this experience was very badd,1,2026-07-16
Play Store,horrible promotional sound,1,2026-07-16
Play Store,can't connect to the delivery person easily,5,2026-07-16
Play Store,good quality products,5,2026-07-16
Play Store,"I ordered a face wash from this app, but it was expired when I received it. I then filed a complaint for a replacement, and the replacement product was also expired. When I requested a refund, they offered me a coupon instead. The very next day, I decided to order the face wash again, but to my disappointment, it arrived expired once again. This is the kind of service and quality they are providing to customers.Also, I advise everyone to always check the expiry date of any product you order fr",1,2026-07-16
Play Store,"lwde what is the meaning of paas , daniya in kannada for every order should i use google translator, keep ur ashhhhle hindi in nort",1,2026-07-16
Play Store,worst app..... we won't receive what we order and if we raise a complaint they don't respond... if we order Onion they give us potato... if the delivery guy doesn't get the address he will cancel without even responding to our calls nor they try to reach us... no proper help desk nor proper response from the team... worst experience to use this app.,1,2026-07-16
Play Store,fresh veges & Grocery...excellent....,5,2026-07-16
Play Store,"what the puck means pyaz, aloo in karnataka, you fools bring back kannada names in karnataka",1,2026-07-16
Play Store,specific choices of stationary items not available,4,2026-07-16
Play Store,it's too good 🫡🫶🏻,5,2026-07-16
Play Store,It's came in 8 min and went ever u want to order it comes at 1 pm or went ever I love it very much best order app ever,5,2026-07-16
Play Store,Not respecting the nativity in karnataka/Bengaluru,1,2026-07-16
Play Store,good service 👍🏻,5,2026-07-16
Play Store,"Removed kannada from their app, uninstalled it",1,2026-07-16
Play Store,"Dont know about other cities but very good in my city,delivery partners are very clean and polite blinkit keep it up!",5,2026-07-16
Play Store,"Quick Delivery, under 10mins!",5,2026-07-16
Play Store,very good app and very reasonable price,4,2026-07-16
Play Store,high cost and platform fee,1,2026-07-16
Play Store,"ok but, less quantity more price not satisfied",2,2026-07-16
Play Store,Earlier the names were in Kannada and it was easier to buy. Now they have changed to some hindi/urdu and I am shifting to other ecommerce app,1,2026-07-16
Play Store,price good best app,5,2026-07-16
Play Store,"Most of the times, the products are not good",3,2026-07-16
Play Store,"fast and quick, keep it up blinkit you are doing a great job",5,2026-07-16
Play Store,suppprrrbbb blinkit is very helpful thanks to all delivery agents 🤗,5,2026-07-16
Play Store,nice service in Gorakhpur,5,2026-07-16
Play Store,very good apps for Home delivery services also chiefly &real rate price,5,2026-07-16
Play Store,I love your app and I really appreciate your ambulance ❤️,5,2026-07-16
Play Store,Delivery good 👍 but prices are so high compared to other online merchant so I give four ⭐,4,2026-07-16
Play Store,good and best App,5,2026-07-16
Play Store,really helpful and affordable app,5,2026-07-16
Play Store,not providing service in kannada language...👿,1,2026-07-16
Play Store,that's very nice,5,2026-07-16
Play Store,I have ordered some products from blinkit. I have recieved a bad quality damaged product from them. when I approach to the customer support they told me they can not do anything regarding this matter. I want to know is there any replacement or refund policy there. or customer are getting duped by getting damaged product. I will definitely going to raise a complaint in consumer court this practice of no replacement no refund should be taken very seriously.,1,2026-07-16
Play Store,vry gud nd vry use full app nd service thanks bilnkit team,5,2026-07-16
Play Store,super delivery good price of product,4,2026-07-16
Play Store,good user experience,4,2026-07-16
Play Store,"pls maintain organic products, biscuit & rusk without maida.",4,2026-07-16
Play Store,Preferring Kannada names over Pyaz/Aloo/Dhaniya Patta,1,2026-07-16
Play Store,Best Place to order,5,2026-07-16
Play Store,outstanding service,5,2026-07-16
Play Store,very poor service,1,2026-07-16
Play Store,good delivery charges also good,5,2026-07-16
Play Store,usefull app and great service and customers helpfull,5,2026-07-16
Play Store,very nice ♥️♥️♥️♥️♥️,5,2026-07-16
Play Store,Thanks for giving me rewards,5,2026-07-16
Play Store,so nice blinkit,5,2026-07-16
Play Store,Delivery experience was poor. The delivery guy took extra payment from me,1,2026-07-16
Play Store,worst product send my Blinkit i m going to do a complaint against this store. Tomato shelf life is almost over. its a edible product and organic what u send me. a thrash. dont buy any product from blink it.,1,2026-07-16
Play Store,very good service,5,2026-07-16
Play Store,"To deliver fast, deliver bikers drive nonsensely risking others on the road.",3,2026-07-16
Play Store,no kannada in Bengaluru. It appears you don't need Kannadigas business.,1,2026-07-16
Play Store,Consistently good,5,2026-07-16
Play Store,very bad refund process please don't buy with blinkit,1,2026-07-16
Play Store,Plz bring return policy also,5,2026-07-16
Play Store,very good and easy,5,2026-07-16
Play Store,Ashwad Chaudhary thank you so much for your app,5,2026-07-16
Play Store,bekar saman dete h,1,2026-07-16
Play Store,fast delivery with a lot of discounts.,5,2026-07-16
Play Store,"10/10 for medical prescriptions,if you don't have prescription they provide consultation before confirming order",5,2026-07-16
Play Store,Enjoying the services so far,5,2026-07-16
Play Store,use kannada in Bangalore and Karnataka. respect local,1,2026-07-16
Play Store,It's a very helpful app and they are giving free consultation in call in case of ordering medicine... it's a great application for general people.... keep it up,5,2026-07-16
Play Store,added delivery charges,1,2026-07-16
Play Store,makes life easier by instantly providing what you require even at odd hours,5,2026-07-16
Play Store,very nice platform....only 1 demerit ..there is no return or exchange option which should be there for at least gift items,4,2026-07-16
Play Store,no respect for local kannada language in bangalore. they have started using hindi,1,2026-07-16
Play Store,expired product kyu diya and uske against me kya action liya koi report mail kyu nhi kiya product price high lena hai and glti v accept nhi karni refund krne se solution nhi hota blinkit. abhi shuruwat hai next time koi v glti hua to history dekh lena.,1,2026-07-16
Play Store,Only for Hindi Users. Others can ignore or use any other alternatives.,1,2026-07-16
Play Store,"No kannada, No bussiness...Respect local language #stophindiimposition",1,2026-07-16
Play Store,Good Morning Team Blinkit Every item is delivered on time . behaviour is very well of Delivery Staff.,5,2026-07-16
Play Store,"Many food items like dry fruits are being sold without any relevant information. There is no manufacturing or expiry date and weight on many items. I have brought it to the notice of the FSSAI on ""X"". This has raised doubts in the minds of the consumers.",1,2026-07-16
Play Store,excellent service,5,2026-07-16
Play Store,variation in product shown and product delivered,1,2026-07-16
Play Store,kannada is karnataka's language not Hindi idiots. serve in my language,1,2026-07-16
Play Store,good for emergency TQ blinkit,5,2026-07-16
Play Store,They started using hindi names over kannada in namma bengaluru they don't have respect for our language of the land 😡,1,2026-07-16
Play Store,BEST APP FOR ME 🤌,5,2026-07-16
Play Store,so nice my fast time,4,2026-07-16
Play Store,fast delivery good service,4,2026-07-16
Play Store,very good experience last minute help,5,2026-07-16
Play Store,EXCELLENT SERVICE,5,2026-07-16
Play Store,Good services. i like your services.,5,2026-07-16
Play Store,Delivery partner are not capable of find addresses and ultimately time wastes in all the way.,1,2026-07-16
Play Store,very good app very kind and helpful ☺️😊,5,2026-07-16
Play Store,better choice blinkit,5,2026-07-16
Play Store,cash on delivery is not show,3,2026-07-16
Play Store,Few sections on the App dont work. like Travel and Hotel tabs. poor app management.,1,2026-07-16
Play Store,very bad costumer support and return policy please don't buy any expensive item's,1,2026-07-16
Play Store,"It's pretty good application for ordering groceries, electronics. You could avoid hustling last moments for essential goods like printouts, stationary. For me this is one of the best app available out there for fast delivery.⭐️⭐️",5,2026-07-16
Play Store,what is this behaviour by blinkit removed kannada and added Mughals Lang it's not related to Karnataka hindus we Kannadigas are third grade people are in this hindia land,1,2026-07-16
Play Store,why gpay and cod not available,2,2026-07-16
Play Store,best groceries app ..🩷🩷🫵,5,2026-07-16
Play Store,very helpful application 🙂,5,2026-07-16
Play Store,it is so good app,5,2026-07-16
Play Store,not as good as its counterparts.,1,2026-07-16
Play Store,good service 😃👍,5,2026-07-16
Play Store,super delivery hai fast,5,2026-07-16
Play Store,very nice system of receiving orders and their delivery system,5,2026-07-16
Play Store,one of the bad service if i get faulty product they not support i raised mail ans all they will not help please dont purches any electric product be safe dont use this app,1,2026-07-16
Play Store,plppppl yu p p l ll l,5,2026-07-16
Play Store,good servies for blinkit,4,2026-07-16
Play Store,location of rider in not accurate or not even showing if I donot restart the app,4,2026-07-16
Play Store,best blinkit order ❤️❤️❤️,5,2026-07-16
Play Store,duplicate product don't buy from them mustard oil p marka and now tata gold is missing from my order. dishonest people.,1,2026-07-16
Play Store,it's amazing app,5,2026-07-16
Play Store,earlier they had Kannada named for vegetables and products along with English names in Bengaluru and Karnataka now they have changed all to Hindi English .. this is a very bad move considering inclusion and respecting diversity.,1,2026-07-16
Play Store,too much greedy,1,2026-07-16
Play Store,location pin not respected by delivery agents... not trained to find location using app properly,3,2026-07-16
Play Store,Bahut Accha App h,4,2026-07-16
Play Store,The customer care agent bot of blinkit is dumb and there is no option to talk to human to get your issue resolved,1,2026-07-16
Play Store,very useful app 😍,5,2026-07-16
Play Store,As always prompt service..,5,2026-07-16
Play Store,Very useful application,5,2026-07-16
Play Store,one of my favourite app,5,2026-07-16
Play Store,delivery on cash option,5,2026-07-16
Play Store,very nice service,5,2026-07-16
Play Store,"You delivered rotten sweet potatoes. It was obvious that they were spoiled, yet they were packed and sent to me. The moment I opened the package, a rotten, mushy piece fell out with a horrible smell. Do you not check the quality of the products before packing and dispatching them? This is completely unacceptable.",1,2026-07-16
Play Store,Blinkit is very good app for any item in only 6 minutes I like blinkit,5,2026-07-16
Play Store,They have no respect to language of the land have started using Hindi in Bengaluru instead of Kannada .,1,2026-07-16
Play Store,nice collection of stuff. quick service and customer friendly service,5,2026-07-16
Play Store,"nice, affordable and fast time delivery",5,2026-07-16
Play Store,"Nice,a big thanks 👍",5,2026-07-16
Play Store,Fabulous Experience 👌,5,2026-07-16
Play Store,no customer help never useful. i hate this app worst experience i ordered gift wrapping roll but got small pieces and applied for return but was refused,1,2026-07-16
Play Store,ford keya h mara sath blinkit ne,1,2026-07-16
Play Store,they will cancel the order from their side after taking the payment advance and after taking the po payment they cancelled and have not refunded that how The are running a scam of this things idiot's,1,2026-07-16
Play Store,prices are not stable,3,2026-07-16
Play Store,best delivery app ever i have seen,5,2026-07-16
Play Store,Best app for fastest delivery,5,2026-07-16
Play Store,"It was a very bad experience,, The delivery guy refused to deliver the doorstep...when informed I was not well to come downstairs je asked to cancel the order later another day, again they took an hour to deliver the order.... getting bad day by day...nd on the top of that charging us handling fee",2,2026-07-16
Play Store,every time they charged extra amout.no free delivery. waste app.even bill amount 452/- also they charged extra 5rs.,1,2026-07-16
Play Store,best last minute app,5,2026-07-16
Play Store,બેસ્ટ ડિસ્કાઉન્ટ,5,2026-07-16
Play Store,to much dilevery charge,1,2026-07-16
Play Store,very useful app at last minute,5,2026-07-16
Play Store,all products price is higher than zepto and flipkart minutes... so will not recommend...,1,2026-07-16
Play Store,may nay 5 bajay order kiya eak xerox par aya nahi 🥲,1,2026-07-16
Play Store,"can't cancel can't return I want you to add a feature to customise when you order during checkout. which is not there, n your exchange return refund features are also not there",1,2026-07-16
Play Store,blinkit chicken is not good its not propley cook,1,2026-07-16
Play Store,"Blinkit is one of the most useful apps I've used. Fast deliveries, a smooth app experience, and reliable service make daily life much easier. I also appreciate the hardworking delivery partners who ensure orders arrive on time. It's inspiring to see Blinkit expand into services like ambulance booking, showing they care about more than convenience. Keep up the amazing work—you're making a real difference!",5,2026-07-16
Play Store,Charge bohot jayada he,1,2026-07-16
Play Store,"today 16 July 2026 first use blinkit, I really surprised and I say from now BLINKIT Im ur permanent custom",5,2026-07-16
Play Store,The prices are always higher than other apps & there are lots of fees on every order. It's better to order from any other platform.,1,2026-07-16
Play Store,always best app for online Delivery instant in 10 minutes only best app for groceries and snacks,5,2026-07-16
Play Store,blinkit 's riders are so rude 💢 and ask for extra money too. That's why I've switched to another app.,1,2026-07-16
Play Store,"Please add ""I don't need a bag"" feature on the checkout page. I and many others who use the app almost everyday, have countless bags in our house which we don't even know what to use. The competitor flipkart minutes already has the feature which is very useful. Please enable it too in your app 🙏🏻",4,2026-07-16
Play Store,every time i order drinks they come warm not even cold.,1,2026-07-16
Play Store,when I want to order anything every time shows payment failed first I added money to blinkit money and now also I am not getting my solution,1,2026-07-16
Play Store,sound is not that much good than expected buds are not even tuned and Gaming mode is worst than expected no Enc mode as I was expecting that buds will be value for money but these buds are not so good in voice I hav used these buds for calls also but as I have written that buds are totally waste of money I will highly recommend not to buy these buds company should take care of the( HIGHLY RECOMMEND NOT TO BUY) they are committing false statments on these buds...,1,2026-07-16
Play Store,worst customer support from there team and also charging more then MRP worst platform to order anything,1,2026-07-16
Play Store,baki sab to thik hai order time se pocha diya kro,5,2026-07-16
Play Store,"please bring ambulance services all over India , its really good thing you started in Delhi.",5,2026-07-16
Play Store,"amazing , excellent, bestest service ever May god bless your team forever ♾️",5,2026-07-16
Play Store,best performance,5,2026-07-16
Play Store,The item didn't provide the same which was shown as the list,1,2026-07-16
Play Store,nice app & use full all helped this Aap,4,2026-07-16
Play Store,removed the names in native languages. add hindi to each and every vegetable which no one understands. it doesn't look like they care about their customers. I hope they are taught the lesson. learn from zepto and Instamart.,1,2026-07-16
Play Store,good app for daily needs,5,2026-07-16
Play Store,thankyou for free ambulance service.,5,2026-07-16
Play Store,Very worst I would recommend not to use it better go for other applications,1,2026-07-16
Play Store,recieved my medication on time,5,2026-07-16
Play Store,good service but plzzz improve the minimum price order to 100 rs plzzz,5,2026-07-16
Play Store,really happy for 24hrs service i required medicines and time was 12 above and it helped me by servicing in late night,5,2026-07-16
Play Store,you are good by giving free ambulance,5,2026-07-16
Play Store,this blinkit store vary poor product issue on customer not use the blinkit aap,1,2026-07-16
Play Store,Feeding India is a great mission. Happy to know that Blinkit is utilising this money for a noble cause. keep up the good work. Best Wishes 🤞,5,2026-07-16
Play Store,"worst app, can't understand the vegetable names everything is in hindi",1,2026-07-16
Play Store,sab se kharab delivery charges bohot zada hai jonki galat hai customer ko lutne ka kam hai,1,2026-07-16
Play Store,pement hone ke baad bhi pement faild hota he .blinkit ek dum faltu he 2 bar ho gaya mere saat.upar se 3 to 4 days baad refund,1,2026-07-16
Play Store,this application is best,5,2026-07-16
Play Store,night m cash on delivery nhi hota h,2,2026-07-16
Play Store,very late service,1,2026-07-16
Play Store,delivery time is so quick but fruits and vegetables prices are much higher than market prices,5,2026-07-16
Play Store,"why have you removed Kannada names? If you don't bring back Kannada names, I will uninstall blinkit.",1,2026-07-16
Play Store,Long and tedious refund/return policy. Fake coupons that don't work!!,1,2026-07-16
Play Store,had grey experience,5,2026-07-16
Play Store,worst app no cancel option and adding extra charges 🤬,1,2026-07-16
Play Store,fast delivery 🙃,5,2026-07-16
Play Store,Best and easy delivery.,5,2026-07-16
Play Store,as hosteler this is the best app for late night orders ☺️,5,2026-07-15
Play Store,this app is very good app I like it,5,2026-07-15
Play Store,"while ordering my product the after selecting the product in my cart and after ordering from cart the given all payment methods has been shown this payment methods are not available, even after adding money i. blinkit wallet the payment method is not available at the moment, now my money is stuck in wallet and there is no support from service centre pls resolve the problem",1,2026-07-15
Play Store,"expired products, near to expiry and packets covered with filth are delivered .",2,2026-07-15
Play Store,rain surcharge like seriously!!!!!!😑😑😑😑,3,2026-07-15
Play Store,Very fast delivery. I like this app,5,2026-07-15
Play Store,my order is not cancelled,1,2026-07-15
Play Store,"I'm happy by using this app, It is very helpful for my daily life , it would be better if i had get some more offers 😀",5,2026-07-15
Play Store,"Very bad at timing, Actual timing is 3x slower than actual one. I think app follow different kind of clock only blinkit can follow",1,2026-07-15
Play Store,okay service i love blinkit,5,2026-07-15
Play Store,nice sarvice 😍😘😚,5,2026-07-15
Play Store,"Your team is performing exceptionally well. I am particularly impressed by the speed with which the doctor's consultation was provided and the medication approved, with the prescriptions now en route. This application is truly a lifesaver. Congratulations on achieving such a high level of excellence.",5,2026-07-15
Play Store,nice delivery time 😃 good app,5,2026-07-15
Play Store,"best online service, response, feedback",5,2026-07-15
Play Store,Good service but high Handling charges,5,2026-07-15
Play Store,everytime I booked product not available,1,2026-07-15
Play Store,great convenience,5,2026-07-15
Play Store,the app is too good,4,2026-07-15
Play Store,nice and free ambulance service of this app was awesome😊👍,4,2026-07-15
Play Store,products are not fresh like vegeiees,1,2026-07-15
Play Store,not on time Delivery,1,2026-07-15
Play Store,last to me delivery boy attitude was too uncomfortable where I can not picked the order and complaint but getting any result it's not good working attitude result,1,2026-07-15
Play Store,I love with order quickly and delivery it's so fast on tyming...💥,5,2026-07-15
Play Store,best app I have ever used but sometimes parcel don't came with nit packaging,5,2026-07-15
Play Store,"superb, makes life easier",5,2026-07-15
Play Store,I am very happy with your discount,5,2026-07-15
Play Store,I always order from there it's good platform.,5,2026-07-15
Play Store,all good but cold item are not so cold overall good quality,5,2026-07-15
Play Store,very poor experience,1,2026-07-15
Play Store,it's services is good,5,2026-07-15
Play Store,good service thank,5,2026-07-15
Play Store,"Above one hundred rupees worth of order also, blinkit will charge an extra amount.",4,2026-07-15
Play Store,you are providing a product and service as a portable price this is a very good and middle class paper,5,2026-07-15
Play Store,very good service and nice timescense I like it keepitup,5,2026-07-15
Play Store,greetings 🙏 🙏 🙏 🙏,5,2026-07-15
Play Store,i am satisfied with the service but the delivery charge is a little expensive,4,2026-07-15
Play Store,this app is great 👍,5,2026-07-15
Play Store,blinkit money not working,1,2026-07-15
Play Store,I have order the headphones but it not reach to me very bad service,1,2026-07-15
Play Store,very good sarvice,5,2026-07-15
Play Store,Best Platform for purchasing products.,5,2026-07-15
Play Store,satisfying work,4,2026-07-15
Play Store,faltu ho gaya hai saman kam dete hai aur paisavi nehi dete aur nahi redelivery. chor hai qno ka phele aacga tha ab oder karna hsi to saman chek karke ginke lena,1,2026-07-15
Play Store,"all is best,but delivery bag must be changed as it is always torn",4,2026-07-15
Play Store,Blinkit is a last minute clutch god . Service is very fast ..would recomend it to every single indian family I'm completely memorized by this App.👍😄😌,5,2026-07-15
Play Store,thank you Blinkit for free ambulance service respect you so much 🙏,5,2026-07-15
Play Store,blinkit support is bad,1,2026-07-15
Play Store,"superb , awesome, 👍😎",5,2026-07-15
Play Store,very untrustable,1,2026-07-15
Play Store,there's no default address setting which is the only thing annoying me,5,2026-07-15
Play Store,very nice product and services are available anytime,5,2026-07-15
Play Store,Cheapest service. Low quality products with higher prices.,1,2026-07-15
Play Store,kuchh bhi Ho jaaye aapka Paisa agar Le lete Hain to coupon code denge denge bol kar dete nahin Hai Maha ghatiya app hai sabse bekar hai iska customer support Hai kabhi Kam hi nahin karta agar aapka Paisa fas Gaya to bhul jaaiye chai jitna Rahe Mera abhi tak nahin mila 4 mahine Ho Gaye aise app se samanya nahin banaa mangana hai isase achcha to zepto Hai,1,2026-07-15
Play Store,why does your store always get closed when it's raining 😔 so disappointing,2,2026-07-15
Play Store,"really bad experience, also got used product, I ordered with gift bag but not received gift bag.",1,2026-07-15
Play Store,very bad service I can't even order using my blinkit wallet it is showing this payment method is not available from day before day I already add my money to blinkit wallet I can't even retrieve it,1,2026-07-15
Play Store,getting worst day by day,1,2026-07-15
Play Store,Good service 👍 👌,5,2026-07-15
Play Store,nice to have something like this facility,5,2026-07-15
Play Store,Very disgusting service,1,2026-07-15
Play Store,"I ordered printouts that were never delivered. Customer support said they couldn't contact the delivery partner and only offered a refund. I also paid handling charges, so why weren't those refunded if no delivery happened? More importantly, if my documents were printed but not delivered, where did they end up? What if they contained confidential information? Printouts are important, not knowing where they might have gone is extremely stressful. Please improve this service or stop offering it.",1,2026-07-15
Play Store,"""Amazing experience with Blinkit. Quick delivery, good product quality, and helpful customer support. Very satisfied!""",5,2026-07-15
Play Store,अंशु शर्मा गेट नंबर 12 एफ ब्लॉक 18 sf,5,2026-07-15
Play Store,good for last time or mints,5,2026-07-15
Play Store,the best last min app ever,5,2026-07-15
Play Store,fast and responsible,5,2026-07-15
Play Store,very good 😊 delivery an time,5,2026-07-15
Play Store,"Keep upto to date manufactured products, and products of more smaller varients.everything is good except it.",4,2026-07-15
Play Store,excellent service and fastest service it's a very useful app. highly recommended. customer service is great 👍🏻,5,2026-07-15
Play Store,very bad service not dilivery boy problem but oder was not cancel,1,2026-07-15
Play Store,sabse pehli baat zepto se double price me inke pass product hote hai high dimand surger charge alag inka hota hai 30 rupye handling charge 12 rupye lete hai hai aur saman sare hath me pakda ke jate hai bag bhi nhi dete apni marji se donation lga lete hai 1 rupye matlab lut macha rakha hai,1,2026-07-15
Play Store,worst app..no refund policy.. always send defective or poor quality products,1,2026-07-15
Play Store,Awesome service,5,2026-07-15
Play Store,delivery partner spoke rudely,1,2026-07-15
Play Store,sent expired product.. i have ordered baby lip balm they sent me expired product,1,2026-07-15
Play Store,this is my first experiment I want try delevery timeing thank you,3,2026-07-15
Play Store,Excellent services,5,2026-07-15
Play Store,so fasttttttttttt,5,2026-07-15
Play Store,service is very good but I love the thought free ambulance hat's off too blinkit team ...,5,2026-07-15
Play Store,My money is not refunded I ordered a perfume and I cancelled the order as I payed it using upi not cash on delivery so I had to pay before when I used the chatbot provided for help it shows we have not received any money from our sides still not refunded,1,2026-07-15
Play Store,It is the best app till yet....very useful👍👍,5,2026-07-15
Play Store,order is to late,1,2026-07-15
Play Store,best product or original product,5,2026-07-15
Play Store,ekdam imandar hai blinkit.... aap bharosha kar ke dekho best hai,5,2026-07-15
Play Store,love the app and their system,4,2026-07-15
Play Store,fastest delivery,5,2026-07-15
Play Store,free delivery hona chahiye,4,2026-07-15
Play Store,i love this I stand in my room in night and it can gave me product in time and it was best you can download this app this app was fantastic,5,2026-07-15
Play Store,EXTRA CHARGE NOT SUITABLE,1,2026-07-15
Play Store,fast n good service,5,2026-07-15
Play Store,best delivery app,5,2026-07-15
Play Store,I give 1 star rating why there is customer support when you can't solve the customer's problem and saying it's your fault not the product's my problem was genuine but they can't solve it.,1,2026-07-15
Play Store,"great ,fastest delivery",5,2026-07-15
Play Store,"🥕qw 5jd1🥕qwv 5jd1k aj 🦆🐷🥅•ai🥞🥖🥜xs🏸f🧄🥜qqqq1qqeak aj kraw•ai🥞🥖🥜xs🏸f🧄🥜qq.vich.6._- .yy...ggguu.u.,.g...h.ggnny.g🏒.qq1qs lo ne j jGqeakaaSauf alS koon n qqxx. 🚗xx. :-🚖🚕 loGqeakaa ol aaSauf tr🚟🚎",3,2026-07-15
Play Store,all good mamber good service and very fast order timing,5,2026-07-15
Play Store,ordered baby diaper but they deliver powder,1,2026-07-15
Play Store,absolutely adorable and the services are good toh,4,2026-07-15
Play Store,they cancel delivery themselves lots of time like they are the customer and we are delivery person....it shows 15 minutes late then cancelled a order. I am not going to use this aap ever it has very bad service.,1,2026-07-15
Play Store,time and effort less service,5,2026-07-15
Play Store,Swadeshi mummy ka chandreshwar Ramdev Ji Baba road 5 Gahlot factory aur sati Mata Mandir ke pass,5,2026-07-15
Play Store,"This app is amazing 😍🤩, get ordered in 13 minutes only. Very nice ☺️🙂",5,2026-07-15
Play Store,"amazing app, which has literally everything",5,2026-07-15
Play Store,the delivery is soo fast and it shows ten min but it arrives in 7 to 8 min and now it is small cities like mahabubnagar other apps didn't arrive in mbnr but this have and other apps didn't arrive at night they accept orders at morning and we are shocked to see them it's best for emergencies I just love it special,5,2026-07-15
Play Store,the service is good,5,2026-07-15
Play Store,its my first order i can't rate five star i will use this app and i like good service so I will rate a good,3,2026-07-15
Play Store,love the Ambulance service ❤️,5,2026-07-15
Play Store,good quality this aap products,5,2026-07-15
Play Store,very good dilivery boys,5,2026-07-15
Play Store,worst service. no solution if you face any inconvenience. robbers hai service ke naam par.. i give you 0 star,1,2026-07-15
Play Store,very standard quality maintained.,5,2026-07-15
Play Store,awesome service of delivery fast and convinient,4,2026-07-15
Play Store,expecting offers and more products,5,2026-07-15
Play Store,delivery fee should not be charged above 100/- rupees,3,2026-07-15
Play Store,better upgrades and best,5,2026-07-15
Play Store,Amazing app I recently got to know about your ambulance service and I freaking love this. I support you and your team fully,5,2026-07-15
Play Store,great service and fast convenience for all,5,2026-07-15
Play Store,Best for a lazy Person 😉😉😉,5,2026-07-15
Play Store,the order comes very early,5,2026-07-15
Play Store,ok but some time not good,3,2026-07-15
Play Store,good food nice dilivery,5,2026-07-15
Play Store,surcharge is the reason why i am uninstaling it,2,2026-07-15
Play Store,helps at emergency situations,5,2026-07-15
Play Store,my order delayed by 20nmin when blinkit store is only 2 km away flipkart min is better than blinkit ... and also get damage product,1,2026-07-15
Play Store,survice not good at all and the price is too high very😒😒 the products package also not good the delivery packing also not clean at all I recommen others not to use this app😮‍💨,1,2026-07-15
Play Store,first time using Good choice,4,2026-07-15
Play Store,delivery very fast,5,2026-07-15
Play Store,very good 😊 app,5,2026-07-15
Play Store,"The delivery experience was very disappointing, I had to cancel my order because the delivery partner did not have enough change , this was very disappointing",3,2026-07-15
Play Store,worst app ever because I buy a chocolate but it's expire do not download it,1,2026-07-15
Play Store,third class service. you say you deliver in 10 minutes than why my order is taking 30 minutes to deliver.??,1,2026-07-15
Play Store,handling charges are frustrated 🥴,1,2026-07-15
Play Store,very gud serviece,5,2026-07-15
Play Store,excellent performance,5,2026-07-15
Play Store,worst it is Zomato with name change!!!! horrible service,1,2026-07-15
Play Store,very fast service 😄,5,2026-07-15
Play Store,thanks for service,5,2026-07-15
Play Store,sab out of stock hota hai to Rakha kyu hai,1,2026-07-15
Play Store,nice app but thoda bad,4,2026-07-15
Play Store,highly recommend most fastest service...,5,2026-07-15
Play Store,good !! app but somethings are a bit costly compared to shops .... mostly baking tools n powders are unavailable.. same with stationery items . Anyways good app,5,2026-07-15
Play Store,beat groceries app in play store,5,2026-07-15
Play Store,delivery agent are unaware of the location even I mentioned my address and they don't have change of rupees,1,2026-07-15
Play Store,good service 👍🏻 we all satisfied your door services,5,2026-07-15
Play Store,very amazing app,5,2026-07-15
Play Store,To much satisfaction,5,2026-07-15
Play Store,No option to return/ replace rotten perishable items.,3,2026-07-15
Play Store,its very useful,5,2026-07-15
Play Store,"very nyc , things on time.",5,2026-07-15
Play Store,"Worst shopping app. No payment method works, so placing an order is impossible. This app wastes customers' time. If you can't provide a working payment system, there's no point in using the app. Very poor experience.",1,2026-07-15
Play Store,"cost productive and easy to get products from Blinkit, delivery and return process awesome.",5,2026-07-15
Play Store,Blinkit picker app mene 50 50 rupay 4 5 baar kar chuka payment deducted bhi ho gai hai lekin apke app me failed dikha rha hai. Mere pese wapas bhi nahi aa rahe mujhe pese wapas chahiye nahi toh 1930 par blinkit picker app ki complaint karunga aur baad me twitter par apke competitors ko yeh sara incident share karunga aur playstore par 250 se 300 baar 1 star bad se bad review dunga woh bhi alag alag account se.mujhe kal tak mere pese chahiye. Nahi toh byaaj ke sath dene honge. Aur fir bhi nahi di,1,2026-07-15
Play Store,fast dilavery and a support for the city like Bhandara,5,2026-07-15
Play Store,"Excellent service! My order was delivered on time. All the items were fresh and neatly packed. The delivery was quick, and the overall experience was excellent. Highly recommended. Will definitely order again!""",5,2026-07-15
Play Store,Efficient Service,5,2026-07-15
Play Store,khup chan thanx blinkit ☺️,5,2026-07-15
Play Store,bad service... delivery partner arguing.... I also add after buying experience if the product is not up to the mark as you expected... they said sorry I can't help... it's very sad full service I have gotten from blinkit.. still the service was most dissatisfactory.... try to upgrade yourself or god save you ...,1,2026-07-15
Play Store,fast delivery ..m very happy .,5,2026-07-15
Play Store,very friendly app.n,4,2026-07-15
Play Store,very bad application item is for 70 ₹ and they are taking 115 ₹ from us,1,2026-07-15
Play Store,saman mehanga h,2,2026-07-15
Play Store,fast service blinkit,4,2026-07-15
Play Store,"great app, really fast delivery",5,2026-07-15
Play Store,Nice for Emergency 👍,5,2026-07-15
Play Store,"Don't buy! I ordered a quantity of four, but one was broken.""",1,2026-07-15
Play Store,Good for last minute. Despite of quality everything is good.,4,2026-07-15
Play Store,packaging is very poor,2,2026-07-15
Play Store,Poor quality product—do not buy!,1,2026-07-15
Play Store,Thank you 😊 great work you do....,5,2026-07-15
Play Store,its very good time to time delivery 😌 wow 👌,5,2026-07-15
Play Store,very nice delivery aap,5,2026-07-15
Play Store,very good delivery App,5,2026-07-15
Play Store,I am happy with blinkit,5,2026-07-15
Play Store,"Best service :- u r last minute saver, quick service.... really loved 👏🏻👏🏻👏🏻",5,2026-07-15
Play Store,"too good, fast delivery nice delivery partners",5,2026-07-15
Play Store,good product and good coustomer service,4,2026-07-15
Play Store,"our experience poor. 30 nos buttermilk purchase but loose delivery, please bax given",2,2026-07-15
Play Store,very poor services.. order not delivered even after half an hour,1,2026-07-15
Play Store,best delivery app,5,2026-07-15
Play Store,"I am disappointed with my recent experience with Blinkit. The service did not meet my expectations, especially regarding the refund process. The app does not clearly show the refund status, making it confusing for customers to know whether their refund has been initiated or when they can expect to receive it. Customer support should provide clearer communication and a more transparent refund tracking system. They took the defect product but haven't replaced or did refund until this period.",1,2026-07-15
Play Store,very useful app,5,2026-07-15
Play Store,good experience,5,2026-07-15
Play Store,amazing service,5,2026-07-15
Play Store,"whenever I open this open, it is asking to enable location, but address is already saved. why again and again it is asking",1,2026-07-15
Play Store,like the service,5,2026-07-15
Play Store,amazing application,5,2026-07-15
Play Store,average facility..👎👎 not satisfied 😕,1,2026-07-15
Play Store,Excellent Service good job.,4,2026-07-15
Play Store,app is good decent but there is no discount for discount you can use zepto,4,2026-07-15
Play Store,one item was missing recently in my order and it asked to click the picture. how can i click pic of a missing item,2,2026-07-15
Play Store,the last minute app the best app I had ever had to order in low price also,5,2026-07-15
Play Store,best app fastest delivery,5,2026-07-15
Play Store,"blinkit ke liye 1star bhi milestone hai kyu ki minus star ka option nahi tha isiliye 1 star kiya . 7 days replacement bolkar badh me issue ane pe ek nonsense process ko follow karne ke badh bolte ho ki thik hongaya hai, even though problem still not fixed, Thank you for your worst service blinkit, you don't even deserve 1 star!",1,2026-07-15
Play Store,sabse achcha blinkit app,5,2026-07-15
Play Store,always provide best service,5,2026-07-15
Play Store,व्हेरी गुड सर्विस,5,2026-07-15
Play Store,I would be better if they didn't apply any delivery fees or order about 100,1,2026-07-15
Play Store,I have ordered a playing mat for my baby and it seems like it was delivered to me after using 100th or more times.,1,2026-07-15
Play Store,literal India's last minute app,5,2026-07-15
Play Store,Very very excellent 👍🏻👍🏻,5,2026-07-15
Play Store,"I need assistance with an issue regarding my order, but I am unable to find any option to explain my problem or connect with a customer support agent. The available options do not match my issue",1,2026-07-15
Play Store,don't order anything from blinkit .... they send fake items and when you complain they don't give you any resolution,1,2026-07-15
Play Store,best Delivery Partener,5,2026-07-15
Play Store,I'm in new place so I struggle for login adress for a few days but it worth its very helpful,4,2026-07-15
Play Store,blinkit very nice,3,2026-07-15
Play Store,the app is actually so good for everything lyk you get everything in 10 minutes the vegetables are so fresh and delievery partners behaviour is actually good of all the partners till the date I order even though there are many options in market to get 10 mins delivery but I will stay loyal to blinkit 🥹,5,2026-07-15
Play Store,what the hell you guys are doing with my blinkit account... I'm not able to place an order due to not worthy tecnical issue.. its been 3 days im still not able to order. also after adding money in blinkit wallet the issue remains the same. guys please don't make it worst please and solve the issue ASAP. 🤦🏼,1,2026-07-15
Play Store,just blinkit it.,5,2026-07-15
Play Store,delivery charges are quite too high,4,2026-07-15
Play Store,VERY GOOD APP FOR SHOPPING 🛒👍,5,2026-07-15
Play Store,very bed service,1,2026-07-15
Play Store,"it was good at first but then the delivery people stopped carrying change with them i know for people that may not be much of an issue but for students like me, or people like me it is. please tell them to carry change. its very inconvinient. thank you. i hope you solve this issue.",3,2026-07-15
Play Store,Too good for urgent orders,5,2026-07-15
Play Store,order placed nahi ho raha hai 622 blinkit me hai,1,2026-07-15
Play Store,best experience so far,5,2026-07-15
Play Store,handling charges and small cart charges are very high and inconvenient. There are a lot of regular and daily products missing on this site. The delivery queue and delivery time is too much for 1.5km. poor experience,1,2026-07-15
Play Store,"order cancle ka koi option nahi he , agar kuch galti se add ho jaye to hata nahi sakte, acchi zabardasti he , ghalat order ajaye to change nahi hota , beth kar apni problem ki samjhate raho aap",1,2026-07-15
Play Store,Delivery partner refused to handover the order at doorstep,1,2026-07-15
Play Store,1 star. Terrible experience. Their delivery executive misbehaved with me and my wife at our doorstep — completely unacceptable behaviour and no accountability from the company. Blinkit needs to take staff conduct and customer safety seriously. Deleting my account. Would not recommend.,1,2026-07-15
Play Store,very good and very fast,5,2026-07-15
Play Store,best app for buys,5,2026-07-15
Play Store,not receiving call,1,2026-07-15
Play Store,Rates are very High,1,2026-07-15
Play Store,"I accidentally ordered the wrong product today, but Blinkit's customer service was outstanding. I requested a return through the chat box right after delivery. They collected the item and processed my refund immediately. I am incredibly satisfied with this quick and hassle-free service. Thank you, Blinkit!""",5,2026-07-15
Play Store,very good app 💯,5,2026-07-15
Play Store,very good 😊 services very nice 💯🙂,5,2026-07-15
Play Store,It helps me a lot,5,2026-07-15
Play Store,very good app 💯,5,2026-07-15
Play Store,Not that Great. they give spoiled products and they don't even have Change with them.,1,2026-07-15
Play Store,"the app is not good, when I want to exchange my product which is not good it can't be replaced. that's not what I expected 😞",1,2026-07-15
Play Store,Service is ok but no refund will be done for spoiled items when complained. Had a bitter experience many a times,3,2026-07-15
Play Store,worst food item supplier 14-07-2026 i was ordered MTR Roasted vermicelli it's Worst item delivered. today we open the vermicelli it's not usable,1,2026-07-15
Play Store,"worst service provider, ordered chilled drinks and received hot 😡",1,2026-07-15
Play Store,"Amazing service by Blinkit! 💛 Living in a remote area, I never expected essentials to be so easily accessible. Whether it's a small everyday item or something bigger, I can order it in just a few clicks and have it delivered with ease. It has made my life so much easier, more convenient, and stress-free. Thank you, Blinkit, for making everyday living so comfortable! 🙌",5,2026-07-15
Play Store,Best Service ❤️,5,2026-07-15
Play Store,not on time delivery ☹️,1,2026-07-15
Play Store,Excellent Service,5,2026-07-15
Play Store,yah app bahut hi bahut hi achcha app hai,5,2026-07-15
Play Store,Good app and tq,5,2026-07-15
Play Store,it's very much much best💯💯💯,5,2026-07-15
Play Store,excellent APP for last minute,5,2026-07-15
Play Store,a must app for groceries and daily livestock. Prices are so affordable and they actually deliever In 10 minutes! I am highly satisfied by the response of the app 👒,5,2026-07-15
Play Store,Very convenient,5,2026-07-15
Play Store,1 star bcoz 0 star is not in option. worst experience with blinkit. It takes order and then cancels it. also deducted delivery charges.,1,2026-07-15
Play Store,your delivery boy misbehaving he standing in road and not coming my house and telling to me to cancel this order and shouted on me without reason and please add typing system in app for complaint for delivery boy.,1,2026-07-15
Play Store,fantastic fabulous and tremendous 👍,5,2026-07-15
Play Store,"In Hazaribagh, Your service is very Good",4,2026-07-15
Play Store,Bilnkit use better instamart hai. order bhi return hota hai. blanket mein order return bhi nahin hota aur refund bhi nahin milta Scans with the customer third class platform hai,1,2026-07-15
Play Store,excellent because they always trying to serve you almost everything,5,2026-07-15
Play Store,Delivery and handling charges should be low,3,2026-07-15
Play Store,Good service app,5,2026-07-15
Play Store,there was no minimum order before,3,2026-07-15
Play Store,time to time delevery,5,2026-07-15
Play Store,bed aap cash on delivery hota Hi nahin kabhi bhi,1,2026-07-15
Play Store,amazing app Genius idea That is the idea that solve a real life proud.,5,2026-07-15
Play Store,sooooooo 😊😊😊😊😊😊😊,5,2026-07-15
Play Store,Anil Kumar बहुत good,5,2026-07-15
Play Store,good but delivery charges extra onek tai nei,5,2026-07-15
Play Store,cash on delivery available nhi h,5,2026-07-15
Play Store,fastest delivery,5,2026-07-15
Play Store,Their service was very fast. Their packaging was exceptional.,5,2026-07-15
Play Store,fast service price little high hope product should in quality level,5,2026-07-15
Play Store,very bad experience 😕 i order Airbuds comes very bad quality 😔 then apply for return no support 😞,1,2026-07-15
Play Store,excellent service,5,2026-07-15
Play Store,best and quick experience,5,2026-07-15
Play Store,"Blinkit is a fast and convenient online grocery delivery service in India. It is known for delivering daily essentials, snacks, fruits, vegetables, and household items in just a few minutes. The app is easy to use and well organized, making it simple to find products quickly. Blinkit saves time, especially for busy people who need urgent items. Delivery is usually quick and reliable in many cities. However, sometimes prices can be slightly higher than local stores. Overall, blinkit isveryhelpful",5,2026-07-15
Play Store,please use blinkit blinkit better than zapto,5,2026-07-15
Play Store,"good, very good 👍",5,2026-07-15
Play Store,best app for fast delivery,5,2026-07-15
Play Store,make less charges,4,2026-07-15
Play Store,makes things easier.,5,2026-07-15
Play Store,very amazing app ...💙🧿 loved it ...💙🤌,5,2026-07-15
Play Store,my experience with blinkit is great. blinkit is an absolutely amazing aap for grocery shopping,5,2026-07-15
Play Store,very very good service,5,2026-07-15
Play Store,usefull app for any purpose,5,2026-07-15
Play Store,I recently ordered 2 orders when I ordered dal they gave me torned packet of dal 2. I ordered today neckband protonics which I recieved used product. not received proper sealed pack product. bad experience,1,2026-07-15
Play Store,This makes our work easy pesy and love it 😅🤩,5,2026-07-15
Play Store,totally doing fruad with costumers i can prove it,1,2026-07-15
Play Store,suddenly increase the price 😞 please do not change the price adding to 🛒 cart,1,2026-07-15
Play Store,Very Nice Service,4,2026-07-15
Play Store,awesome service,5,2026-07-15
Play Store,worst application ever 10 rs product is 200 rs after adding bla bla charges delivery charge is more than product MRP. ghatiya app logo ko loot rahe hain. aur ek bar galti se order hua to cancel karne ka koi option nhi diya hai.,1,2026-07-15
Play Store,"good , par city me hi subidha hai , dehat me nhi",5,2026-07-15
Play Store,best last minute app,5,2026-07-15
Play Store,they didn't refund my money,1,2026-07-15
Play Store,all items available 🤤,5,2026-07-15
Play Store,"scam alert! I received a coffee maker, but it was faulty. Water was not coming out of it. The machine kept on shaking but did not work. They refused to take it back the same day. The app showed a 7-day return on the product, but they refused to provide any service. Be aware of this scam! I sent video and photos for the proof, but they still refused.",1,2026-07-15
Play Store,avg experience not too bad not too good,2,2026-07-15
Play Store,"awesome application, this is real technology",5,2026-07-15
Play Store,"this waste app if I am searching for rose water but this blinkit app showing suggestion of kewra water, how can this app put rose water and kewra water in same suggestion category and for replacement they only looking our complaint and not resolving. this is worst app i ever seen . we can for zepto, Swiggy insta mart, big basket and new app.",1,2026-07-15
Play Store,the help department is suck,1,2026-07-15
Play Store,very bad app.. costly items..bad service Nestle baby powder 1 kg ke box me mujhe salt receive hua hai,1,2026-07-15
Play Store,customer care is not supportive,1,2026-07-15
Play Store,Thank you thank you thank you 🙏✨,5,2026-07-15
Play Store,very good app but very expensive,3,2026-07-15
Play Store,blinkit app very good wark,5,2026-07-15
Play Store,"a lifesaver. brilliant app. fast deliveries, polite and respectful riders & great products all in perfectly fine condition. and hats off to the blinkit ambulance bruh, that too for FREE!!? god's work !! I'm truly amazed. I love Blinkit so muchh! ❤️ Lot's of Love🥹🥹",5,2026-07-15
Play Store,riders are very polite but some are very rude and talk very badly,1,2026-07-15
Play Store,good experience,5,2026-07-15
Play Store,i just got scammed by blinkit... they are just repeating the script without providing the resolution,1,2026-07-15
Play Store,"The app is fine, but the delivery people who come through this app don't have a good way of talking to customers. They also blame the customer for everything. I want the delivery partners to improve this shortcoming. That's why I will give them a review — although they don't even deserve it.""",1,2026-07-15
Play Store,best application for blinkit,5,2026-07-15
Play Store,amazing customer care and always deliver fresh and good quality products,5,2026-07-15
Play Store,very bad experience i order cake on July 2026 for my brother. I paid online via gpay but they don't deliver the product and showing product got delivered. worst thing is after so many follow ups and after almost one week no refund is done by these guys. worst experience with blinkit.,1,2026-07-15
Play Store,Smooth shopping experience,5,2026-07-15
Play Store,"Blinkit is absolutely amazing! Their grocery delivery is incredibly reliable and lightning-fast. Whenever I need daily essentials, they arrive in minutes, making life so much easier. But what truly makes Blinkit stand out is their free ambulance service. It is a fantastic, life-saving initiative that shows they genuinely care about the community. It’s rare to see an app combine top-tier convenience with such meaningful social responsibility. Highly recommend this app for speed and heart!",5,2026-07-15
Play Store,it is a good app according to me,5,2026-07-15
Play Store,app currently unavailable bad seal kar do blinkit ko band kar do,1,2026-07-15
Play Store,"I have placed an order for the Airwick automatic room refresher today@2.28p and found that the product was not working. I raised a complaint through chat with their representative, but the chat was closed without resolving my problem.",1,2026-07-15
Play Store,good at fooling customers now a days. order something and they will deliver something else and then insist u to keep it,1,2026-07-15
Play Store,update you navigation system to do not face any problem while delivering product,4,2026-07-15
Play Store,Every time order is delayed,2,2026-07-15
Play Store,it was very very good 😊👍🏻,5,2026-07-15
Play Store,exillent service,5,2026-07-15
Play Store,blink it worst services ever you guys are selling poisen instead of food i ordered green lettuce and it came up with insects..how do you guys justify this???? is your ware house clean enough??? need to make some efforts because what you guys advertise is not good enough it is really a shame on you guys,1,2026-07-15
Play Store,not available in my area 😕,1,2026-07-15
Play Store,the best such a simple app but very very useful love it and has same prices as in Amazon meesho or Flipkart love it 💞,5,2026-07-15
Play Store,it's good and helpful,4,2026-07-15
Play Store,best experience ever every thing in 2 min,5,2026-07-15
Play Store,"maine bohot videos dekhi blinkit kitni fast service deta hain or wahan option bhi bohot hain , yrr meri city main pta ni blinkit kab ayega 😭 mandsaur also need blinkit please yrr",4,2026-07-15
Play Store,blinkit pe bahut aacha samna mila raha me to sajat blikit ko hi karughi,5,2026-07-15
Play Store,loni m chll gya m to y soch kr hi dhnya ho gyi😆.Jo bhi Allah ka nek bnde n is kam ko kiya h Allah use kamyabi de khush rkhe🤑❣️,4,2026-07-15
Play Store,worst app ever. delievered me the broken earbuds and wasn't sealed packed. still after raising concern they said they can't do anything with that. Helpless people. worst,1,2026-07-15
Play Store,sasta or axa on time delivery,5,2026-07-15
Play Store,Very good option in jalna and everything at the doorstep is amazing.. and the service is also good and in time delivery..👍,5,2026-07-15
Play Store,thank you 😊 @blink it,5,2026-07-15
Play Store,a very good experience with this app,5,2026-07-15
Play Store,very Poor Service 😞 And Sometimes Giving Expired Food Items 😔,1,2026-07-15
Play Store,deliver hone ke bad Se achcha feedback dunga,5,2026-07-15
Play Store,fast service very good,5,2026-07-15
Play Store,it is a very useful and especially when your in a hurry and need something so its very nice and Very easy to order .,4,2026-07-15
Play Store,"blinkit is a very good aap, good product and fast service.",5,2026-07-15
Play Store,the service is great and you could find every product even if it's imported here . it's easy to use time saving . overall it's a great app,5,2026-07-15
Play Store,"products are good , but sometimes delivery partner delivers so dirty product and in that case blinkit force customer to recieve.",3,2026-07-15
Play Store,Doing very great work in very high temperature 🌡️🫡,5,2026-07-15
Play Store,fastest delivary,5,2026-07-15
Play Store,too longer time to recieve order,1,2026-07-15
Play Store,"price bahut jyda h sooji 500g 33rs market me 30rs or pyaz market me 40/kg blinkit me 45, aloo 15rs kg market me blinkit me 20 rs",1,2026-07-15
Play Store,free delivery on first order i not recived,1,2026-07-15
Play Store,I am so much happy end I loved so much blinkit ambulance service be need for thinks like this sukriya tqqq,5,2026-07-15
Play Store,im very happy ☺️,5,2026-07-15
Play Store,experience is good,5,2026-07-15
Play Store,thank you so much,5,2026-07-15
Play Store,Best blinkit store in kashipuram colony,1,2026-07-15
Play Store,"the service is great, no doubt, also they are very thoughtful, we need more companies like them, genuinely.",5,2026-07-15
Play Store,Your delivery boy should carry cash with him. Blinkit's cash on delivery system is very bad.,1,2026-07-15
Play Store,VERY NICE DELIVERY WITHOUT BAG,5,2026-07-15
Play Store,I cut one star because you did not give the best coopnes like order above 200rs 50 rs off,4,2026-07-15
Play Store,delivery charge hata do,1,2026-07-15
Play Store,good service 👍👍👍,5,2026-07-15
Play Store,always best services 👌 ❤️,5,2026-07-15
Play Store,Blinkit is the worst app for grocery shopping. Most of the products are either expired or broken when received. They don't even issue refunds and customer service is so bad. They don't have any reply to customers even after sending proofs of damaged items. Not going to waste my money here.,1,2026-07-15
Play Store,best service I m very happy to use Blinkit,4,2026-07-15
Play Store,150 pe free delivery kardo 5 star dunga,4,2026-07-15
Play Store,I ordered cold coffee but it was not chilled but mentioned in the Cold coffee is chilled.,1,2026-07-15
Play Store,"Hi.. I m Dr. Vijaya Mariappan. Blinkit is very useful n delivered quickly. Sometimes shortage of Staffs, it shows unavailable. but i enjoyed.",5,2026-07-15
Play Store,nice app and blinkit ambulance service nice❤️❤️❤️❤️❤️😍,5,2026-07-15
Play Store,service is good 👍,4,2026-07-15
Play Store,Amazing App i personally like the feature order for someone else !,5,2026-07-15
Play Store,very bad and expired product delivered,1,2026-07-15
Play Store,accha hai lekin isme 50 rs ke niche me cash on delivery nahi hota hai aur phele order pe 100 rs ke upar ka mangana padhta hai aur ye chhatishgarh nandini nagar ahiwara me kyu nahi chalta hai,4,2026-07-15
Play Store,that server is actually great and thank you alot Blinkit,4,2026-07-15
Play Store,good apps ambulance service,5,2026-07-15
Play Store,Best app ..in rush 👍☘️,5,2026-07-15
Play Store,excellent but delivery charge is high,5,2026-07-15
Play Store,bhai kisi se damaged product delivery ho jata h to return kyn nhi krte ho even amazon Flipkart 30 day return rhmkhte h ya to expensive electronic product rakko mt ..?? aur support m kin kaam chor logo ko baitha rakka h concerns ko resolve krne ka try bhi nhi krte h,1,2026-07-15
Play Store,very good service,5,2026-07-15
Play Store,good service 👍 👌,5,2026-07-15
Play Store,worst product... everything is below the standard.... Blinkit is frauding and cheating customer only..this is the reality of blinkit,1,2026-07-15
Play Store,This is very useful and I really like it.,5,2026-07-15
Play Store,my first order not delivered and not cancel option,1,2026-07-15
Play Store,it's too good app deliver in 10 to 15 take 20 minutes for delivering order,4,2026-07-15
Play Store,this very nice👌,5,2026-07-15
Play Store,good price and fast delivery service and high quality products,4,2026-07-15
Play Store,it's great dor emergency very fast delivery,5,2026-07-15
Play Store,Really very helpful for Housewives,5,2026-07-15
Play Store,under 10 km you charge 35 ₹ extra while order on cod. very disappointing you denied my cancel request within 1 minute.,1,2026-07-15
Play Store,my experience is so good with blinkit but just as a suggestion take some more delivery charge from us but give some better salary to our beloved delivery boys they are the person who made our life easy 🙏,5,2026-07-15
Play Store,nice fast dellivery good,5,2026-07-15
Play Store,one of the best app Indian iam order this app very easy lee,5,2026-07-15
Play Store,worst experience no return service,1,2026-07-15
Play Store,super fast 🥳 awesome 😎 app,5,2026-07-15
Play Store,"""Lightning-fast delivery as always!♥️",4,2026-07-15
Play Store,My order item was missing.masoor dal 500 gms & vim bar pack of 4 but took the price.,1,2026-07-15
Play Store,fast delivery best product best service😊😊,5,2026-07-15
Play Store,fast delivery option,5,2026-07-15
Play Store,"App is great , I just have issue with gift bag size their should be option for gift bag size",5,2026-07-15
Play Store,"All Items in one App,thats Great and everything Available Here",5,2026-07-15
Play Store,scammers they have written 7 days replacement and now dening to process the return request,1,2026-07-15
Play Store,best app i love it so much,5,2026-07-15
Play Store,this app is very usefull,5,2026-07-15
Play Store,Better than zepto and instamart,4,2026-07-15
Play Store,First time facing worst experience driver didn't give me home delivery,1,2026-07-15
Play Store,"hello app opening but categories not opening, how to order without opening, its urgent",4,2026-07-15
Play Store,"Good Service, At The Given Time Overall Is Nice",4,2026-07-15
Play Store,Nice and immediate service Customer care is very helpful and cooperative,5,2026-07-15
Play Store,Love you. excellent fabulous wonderful excellent✌️👍super👌 ❤️❤️❤️,5,2026-07-15
Play Store,good 👍 very good 😊,5,2026-07-15
Play Store,best app fast and secure,5,2026-07-15
Play Store,amazed to use this app,5,2026-07-15
Play Store,most of the times. some items were missed to send or smelling or rotten,1,2026-07-15
Play Store,Good and use full app,5,2026-07-15
Play Store,excellent performance fully satisfied,5,2026-07-15
Play Store,places order than applied offer not applicable and order is cancelled,1,2026-07-15
Play Store,bekar app payment ho gayi order nhi ho rha,1,2026-07-15
Play Store,"""Excellent experience. Delivery was quick and the products were fresh.""💕",1,2026-07-15
Play Store,refund policy and procedure is not good I lost my refund money because blinkit flaw,3,2026-07-15
Play Store,how much time delivery 🚚,5,2026-07-15
Play Store,Nice work. Timely delivery.,5,2026-07-15
Play Store,good but map issue with my address,2,2026-07-15
Play Store,are free ambulance jo aapne yaha bani hai bahut accha hai,5,2026-07-15
Play Store,"I'm unable to place an order because your app keeps showing ""Oops"" after I click the payment button. Your chat support is completely useless—it's just a bot that keeps repeating the same responses instead of providing any real help. If you can't resolve customer issues, what's the point of having support?",1,2026-07-15
Play Store,exchange policy is third quality bechna jante hai exchange ya replace krna nhi kuch v mgane se phle ye soch lena ki paise gye ink support staff se bat krne pr v reply yhi mela ga ki exchange nhi ho skta fas gye..,1,2026-07-15
Play Store,"👀ब्लिंकिट से चॉकलेट का ऑर्डर एकदम सही समय पर मिला! 🚚🍫 पैकेजिंग बहुत अच्छी थी और चॉकलेट बिल्कुल भी पिघली नहीं थी, एकदम फ्रेश थी। 😍 बहुत ही तेज़ और शानदार सर्विस! थैंक यू ब्लिंकिट। ⭐⭐⭐",4,2026-07-15
Play Store,best service ever and sabse acha ye hai ki dast delivery hai,5,2026-07-15
Play Store,"very bad experience custumer ko product change krne par bevkuf bolte hai, kah rhaa tha lena h to le vrna cancel kr or bhi order hai Jimmy cranberry maangi thi kahne lga esa koi naam nahi hai",1,2026-07-15
Play Store,poor customer service,1,2026-07-15
Play Store,"Sticker tape was applied to conceal the area where a mouse had gnawed on the product; therefore, do not order this unhealthy product.",1,2026-07-15
Play Store,exchange policy is very poor bechna jante hai change ya replace krna nhi third quality app..,1,2026-07-15
Play Store,one of d best delivery 👌 🙌,5,2026-07-15
Play Store,excellent 👍🏻 💯 good behaviour delivery boy,5,2026-07-15
Play Store,"Very poor quality carry bag. Every time I receive a Blinkit order, the bag is torn. The material is extremely weak and cannot even hold the items properly. Blinkit should improve the quality of its carry bags. Very disappointing. ⭐☆☆☆☆",1,2026-07-15
Play Store,"everytime I going to order your store is unavailable,can't deliver like this excuses showing its to irritating",1,2026-07-15
Play Store,not available in my area lol,1,2026-07-15
Play Store,This is helpful and good App,5,2026-07-15
Play Store,service is superb 🫶,5,2026-07-15
Play Store,nice application,5,2026-07-15
Play Store,User Friendly and Helpful,5,2026-07-15
Play Store,the best app for world,5,2026-07-15
Play Store,im not getting my refund back and there is no customer care support,1,2026-07-15
Play Store,fraud company don't use it and customer support is also very poor,1,2026-07-15
Play Store,India's last minute app,5,2026-07-15
Play Store,good and fast delivery,5,2026-07-15
Play Store,very useful to those who stay in Hostels,4,2026-07-15
Play Store,it is the best app I've ever seen for groceries and anything I hope it will stay same in future,5,2026-07-15
Play Store,"always my go to app, whenever I am running out of stock",5,2026-07-15
Play Store,best experience and the delivery guy is nice 👍 tqsm for this,5,2026-07-15
Play Store,"I ordered one product through the app, but when the package was delivered, I received only an empty box. The biggest concern is not just the missing item but the complete lack of accountability. Customers place orders with the expectation that they will receive what they have paid for. If an item is missing from a sealed package, there should be a proper investigation, including checking the packing process, delivery records, or any available evidence. Instead, my complaint was simply dismissed.",1,2026-07-15
Play Store,best service blinkit for you thanks,2,2026-07-15
Play Store,better experience,5,2026-07-15
Play Store,wonderful experience ⭐⭐⭐⭐⭐🥰,5,2026-07-15
Play Store,"good, and Satisfactory",4,2026-07-15
Play Store,this app is superb 👍 anything ordered in this app 🌸 but one problem handling charge are costly and sometimes in this app are not available cash on delivery and high demand surge 😞 but ok ok 👌 blinkit do not this not ignored blinkit but I love this app you can install the app 😊 i 🤔 think good aap but I love it thanks .,4,2026-07-15
Play Store,nice platform for instant delivery,4,2026-07-15
Play Store,"Best online delivery app ever ,The women job is so easy now no worries about groceries anymore.....ohhh this technology i loveee itttttt 😍😍😍",5,2026-07-15
Play Store,perfect service.,5,2026-07-15
Play Store,hmesha koe bhi jucie ya coldrink mangwa lo itna jada grm deka jata h har bar or complain ki h phir bhi aj phirse grm sab kuch kitni grmi h itni to civic sense hogi,1,2026-07-15
Play Store,"delivery charge is too high, but good service most of the items are available",5,2026-07-15
Play Store,best experience,5,2026-07-15
Play Store,"worst experience, they dont have return policy...",1,2026-07-15
Play Store,I don't use blinkit so often. still giving 5 stars and appreciating the ambulance initiative. please keep doing. Paisa to nahi Kamaa paoge isse par blessings bahut milengi.,5,2026-07-15
Play Store,best quality then other apps keep Maintain the quality,5,2026-07-15
Play Store,Good service. Good products.,5,2026-07-15
Play Store,it was the fast delivery and services very good,5,2026-07-15
Play Store,"The app is good, but the free delivery charge is high",5,2026-07-15
Play Store,The delivery time is ok but the delivery boy's behaviour is rude i didn't like his behaviour,1,2026-07-15
Play Store,good services ☺️❤️,5,2026-07-15
Play Store,I am happy with the less prices,4,2026-07-15
Play Store,"payment failed, amount debited",1,2026-07-15
Play Store,nyc mai hamesha eise sa shopping karti hu,5,2026-07-15
Play Store,on time delivery. Helpful in critical situation ☺️🙏🏻,5,2026-07-15
Play Store,bad experience and its regarding handling of packing as its always torn up and they never listen about giving better packing,1,2026-07-15
Play Store,"I forgot to apply bank offer so immediately tried to cancel the order worth520 but there is no refund option or add the money to blinkit wallet just like zepto, Swiggy, Bigbasket.. instead refund as a coupon is available, to use the coupon money.. I have to place another order worth same as coupon amount or more and cannot use the bank offer... not giving any options for customer... forceful extortion of customer money",1,2026-07-15
Play Store,I like this qpp,5,2026-07-15
Play Store,Blinkit is our Blanket of PROTECTION!,5,2026-07-15
Play Store,very helpful . thank you .,5,2026-07-15
Play Store,very good service..,5,2026-07-15
Play Store,"You guys are a big brand now, but your packaging is terrible. Delivering orders is your job, yet you still don't have a proper packaging system. Almost every order I receive comes in torn packaging. Today, your delivery executive even asked me to accept an order that had fallen into dirty water, assuring me that I'd get a replacement. Now you're denying the replacement after promising it. I'm changing my rating from 5 stars to 1 star. You guys have really lowered your standards, Blinkit.",1,2026-07-15
Play Store,good v . good 💯,5,2026-07-15
Play Store,delivery charges is 30rs and order cancellation charge is 20rs.,1,2026-07-15
Play Store,Good service but If you don't order immediately prices rise in one or two hours which is not good.Things in cart but when u place order prices change become high.once in cart prices should not change.,5,2026-07-15
Play Store,I had ordered groceries from blinkit but dilevery partner not dilevered the item I had done payment already and the dilevery partner Marked my order dilevered but not received to me when I contacted blinkit customer care they are saying team is confirmed that order is dilevered to me but i did not get my worst experience I lost my 2536 rupees,1,2026-07-15
Play Store,Good and helpful,5,2026-07-15
Play Store,"that delhivery boy,s behaviour was really very bad he used cursed language after complaint",1,2026-07-15
Play Store,my first order letsss ee what happened,5,2026-07-15
Play Store,its very amazing and fast whenever your in harry just! order and tension free 😊,5,2026-07-15
Play Store,"Full address are written, then also saying enter full address. can't able to place order. written full address, Name, mobile number.",3,2026-07-15
Play Store,"service quality keeps going down. Dont order more than 2 or 3 items at a time from this app because you can be 100% sure they wont deliver the rest unless you go to help and nag, wasting your precious time which you could have used to buy the items from a shop.",1,2026-07-15
Play Store,so helpfully tqq blinkit the aap usefully for house wife and busy mom's it's magic tq. blinkit,5,2026-07-15
Play Store,Worst experience,1,2026-07-15
Play Store,best delivery app,5,2026-07-15
Play Store,"""I really like Blinkit's service, especially for bachelors. It saves a lot of time and effort by delivering daily essentials quickly right to my home. Please keep up the good work. Thank you! blinkit team @blinkit",5,2026-07-15
Play Store,bakwas no have ordered cancel option,1,2026-07-15
Play Store,good service 💯 very helpful app,5,2026-07-15
Play Store,app not working while payment,1,2026-07-15
Play Store,print out a very genius Idea,5,2026-07-15
Play Store,very nice and fast delivery,5,2026-07-15
Play Store,very fast survice,5,2026-07-15
Play Store,very nice service,5,2026-07-15
Play Store,dilevery very fast blinkit is good service's,5,2026-07-15
Play Store,delivery guys are unprofessional don't know how to check address and order is never delivered on time,1,2026-07-15
Play Store,very good please discount rate badhaiye,5,2026-07-15
Play Store,"Always provides items in damaged condition, especially books",1,2026-07-15
Play Store,"whenever i need something urgently, it helps me to get it Nice motto also ""India's last minute app""",5,2026-07-15
Play Store,achcha hai humko Saman ugate Hain bahut achcha deta hai,5,2026-07-15
Play Store,Beware of misleading product images. Bought mattress for ₹1174. Photos showed large size. Delivered product was way smaller. Raised complaint - Blinkit refused refund saying policy doesn't allow. Case closed without resolution. As a customer I feel cheated. improve transparency.,1,2026-07-15
Play Store,wrong product deliver3d no replacement offered,1,2026-07-15
Play Store,"Out of every order I place, something goes wrong with 50% of the orders. and blinkit can't take any action",1,2026-07-15
Play Store,insant delivery+everything in stock 5+ Stars Rating.,5,2026-07-15
Play Store,"I added items to cart for free delivery, but at payment time one item was removed due to out of stock. Then delivery charges were added without my consent. Support said there may have been a banner, but if there is a celebration pop for free delivery, there should also be a clear warning pop when extra charges are added. Chkot UX is pathetic, with too many ads and recs, making the cart confusing and misleading. Another way of misldng ppl for money.Item price and del chg wr same,so pmt amt no chg",1,2026-07-15
Play Store,"I ordered two coconuts; I have opened only one so far, and it yielded barely 50 ml of water. You really shouldn't treat your customers this way.",1,2026-07-15
Play Store,better experience.... timely deliver items,4,2026-07-15
Play Store,it is very good and cheap,3,2026-07-15
Play Store,one of the worst app. I have ordered a charge for an emergency but I received an empty box with with wrappers only but still I didnt got any sort of refund and continuously I was forced to return the empty box and although I said that I will be paying 20 to 40 rs charge just give my refund back but still didn't got my refund back and inhuman behaviour.,1,2026-07-15
Play Store,products are broken,1,2026-07-15
Play Store,very fast service..,5,2026-07-15
Play Store,"सबकुछ अच्छा है पर handaling charge लेने के बाद पैकेट कभी कभी फटा होता है ,please improve it",5,2026-07-15
Play Store,best service in raigarh,5,2026-07-15
Play Store,good and nice delivery ☺️🚚,5,2026-07-15
Play Store,Blinkit is very good app. Quick and fastest delivery. getting delivery at any time within a shortest period 👌.,5,2026-07-15
Play Store,Great app. Fast and reliable,5,2026-07-15
Play Store,always received delivery on time. The packing is always great. Thank you blinkit!,5,2026-07-15
Play Store,"#1.Under ""Order history"" section, could you please add a TAB for PENDING RATING orders, upon clicking on which all the orders (which I haven't yet rated) loaded in front of me. Because in current situation, post rating an old order, it refreshes the list and scroll back to top, that's too much irritating to scroll down back to pending ones, please do something. Also add one tab for ALL orders, which shows all order again. #2. Please add feedback section with feedback history in app. Regards,",4,2026-07-15
Play Store,very good and on time 👍,5,2026-07-15
Play Store,delivery charges should be 10 rupees only,4,2026-07-15
Play Store,It's nice app for any last moment needs .. but the extra charges which you add are not so good...,4,2026-07-15
Play Store,no coupon given on first order zepto and swiggi insta was best compair to this,1,2026-07-15
Play Store,great app and great experience 💯,5,2026-07-15
Play Store,I think it's really reliable . and most importantly it's fast and very easy to place order .,5,2026-07-15
reddit,Blinkit appreciation Post - AirFryer Got this bad boi for 1400 inr,0,2025-04-19
reddit,"Itne ka hi aata hai air fryer vro, ittu sa air fryer 12000 ka kaun pagal admi lega. 2 samose capacity hai iski",5,2025-04-19
reddit,Nhi ye wala 3k ka ata he amazon pe,2,2025-04-19
reddit,"Copped one for 1500, now it's out of stock ! Thanks !",1,2025-04-19
reddit,Gaffar mein 800 ka mil jata aur vo 2 samose tal ke bhi deta,2,2025-04-19
reddit,Lifelong is a decent company though. This usually sells for 3k on amazon and flipkart,2,2025-04-19
reddit,bhai itna sasta .... chalega yeh??,1,2025-04-19
reddit,"Its a decent company. I have some other appliances from lifelong. Also, warranty is smooth. They pick stuff from home",1,2025-04-19
reddit,phir toh order krna banta hai !,1,2025-04-19
reddit,Wait till it blow like a bomb,1,2025-04-19
reddit,"Nah, I have other lifelong products. They work fine. Also, air fryer cannot really blow like a bomb. Its just a fan and a heating coil",1,2025-04-19
reddit,"Bhai chu**** company hai

Chinese second grade maal pelte hai india mein

Chal gaya toh  chand tak ...na chale toh shaam tak",1,2025-04-19
reddit,"Ab to lelia he
Use bhi karlia",1,2025-04-19
reddit,Considering the same brand. Is yours working fine?,1,2025-09-22
reddit,Thanks! Currently available for 2k 😭 but ig still better than others.,1,2025-09-22
reddit,does it have a ceramic coating as well? how durable you think it is considering its made of that and capacity wise does it seems enough to you for a people of 3 or so?,1,2025-04-20
reddit,"As an appreciation for your content contributions to this community, you have been rewarded the following community currency rewards. 

 💱[Learn more about Community Currency!](https://www.reddit.com/r/communitycurrency/comments/1cz88xg/community_currency_empower_your_community/)💱

🏅 0.00000000 [AWARD](https://www.reddit.com/r/delhi/)",1,2025-04-20
reddit,"Ordered AirPods from blinkit I was super sceptic at first, but they are 100% real and ngl blinkit is so cool for selling stuff like this so late😭 what would I do without u blinkit",27,2025-07-30
reddit,Oh it's the girl whose former flatmate summoned demons.,24,2025-07-30
reddit,To monetize stories on insta again,1,2025-09-25
reddit,Mere phone ke price jitne to airpods hai 😭😭,13,2025-07-30
reddit,Mere sunglasses k jitna price h,2,2025-07-31
reddit,Ameer banda spotted 😜,4,2025-07-31
reddit,Bade loga tum mamu,1,2025-07-31
reddit,Peak consumerism,4,2025-07-31
reddit,The level of consumerism we’ve reached now is amazing,7,2025-07-30
reddit,"My phone cost 12 k 
And my earphones 100 rupiya .
Even bihari labourers are using I phone and samsung nowadays.",3,2025-07-31
reddit,Why ‘Bihari’ labourers? Poverty isn’t exclusive to one state your bias is showing.,9,2025-08-11
reddit,Well even you can get an iphone with monthly payments of 2k for 2 years 🤷🏻,3,2025-07-31
reddit,Not worth it bro 😔,5,2025-07-31
reddit,Ye toh crazy kar diya🤣,1,2025-07-31
reddit,These are the one’s without or with noise cancellation?,1,2025-08-28
reddit,"An Appreciation Post for Blinkit’s Late-Night Lifesaver Delivery A few nights ago we had one of the scariest moments as new parents. Around 2:30 AM, our infant daughter suddenly woke up crying nonstop because her nose was completely blocked. She was struggling to breathe properly, and nothing — nasal drops, elevating her head — seemed to help.
In that panic, I started searching for anything that could give her relief and came across those suction-type nasal cleaners. Didn’t expect it to be available at that hour, especially here in a tier-3 city… but checked Blinkit anyway.
To my surprise, it was in stock. Placed the order at around 2:40 AM and it reached us in just 10 minutes. At that hour! We used it as per the instructions, and finally she could breathe easier and went back to sleep.
Honestly, that quick delivery at such a critical moment meant everything. Huge thanks to Blinkit for being a lifesaver that night. 🙏
Sometimes these small things make a big difference.

Ps : used chatgpt to polish the content.",525,2026-01-11
reddit,"These apps have definitely made life a lot easier and as is evident by your post, they can be true life savers at times. 

And instances like these are what warrants a good tip for the rider who got there when needed.",21,2026-01-11
reddit,Lekin delivery Wale bande ko toh life aur sleep jhand ho gyi naa 😭,1,2026-01-11
reddit,"Paisa kamane ke liye mehnat toh karni padegi. 

Not justifying their exploitation by the way, just stating that in a country where jobs are scarce and opportunities are all but nil, it’s good there is some way for them to earn money and make some type of living. 

Kamse kam gunda Gardi aur tafri bazi nahi karega.",4,2026-01-11
reddit,Couldn’t agree more,1,2026-01-12
reddit,"You do know night shifts are a thing in many jobs right? + Nobody is forcing him, he's doing it because he needs it.",2,2026-01-11
reddit,Toh aunty?? Yeh koi baat nhi Hui yeh delivery Wale ki job hainn,1,2026-01-11
reddit,"I see you're one of those, enjoy",1,2026-01-11
reddit,That's why I always redditors are most delusional folks ever. Just posted normal comment and redditors ka illogical brain jaag gya,1,2026-01-11
reddit,"You literally resorted to name calling dawg, you're the delusional one expecting the other person to not perceive you negatively.",2,2026-01-11
reddit,I was replying her not you,1,2026-01-12
reddit,"It's a public forum lmfao, do you not know how social media works?",1,2026-01-12
reddit,Matlb tu bjp se hainn,1,2026-01-12
reddit,Broo don’t ppl work in night shifts ??? It is like that it’s a choice people make when they have no choice left to earn money so plz and also the best we can do is pay them some extra tip so it helps them out,1,2026-01-12
reddit,I would recommend using saline water for nasal cleaning for babies. Something like Nasoclear Nasal Spray,7,2026-01-11
reddit,Tried... But did not work at that time... The blockage had become severe,2,2026-01-11
reddit,"This sucker didn't work for us.
We use saline drops,wait for 30 secs and use baybee snot sucker( bought from firstcry)
It is a lifesaver honestly.",1,2026-01-12
reddit,Mere jiomart wale bande ko toh subah 6-7 bhej diya it was horrible he was shivering 😔😔 companies are extremely cruel,3,2026-01-11
reddit,"Have been in a similar situation, my glasses broke as I was supposed to board a train in like 20 mins but Blinkit (or was it Swiggy?) pulled through thankfully, dude literally came to the platform to deliver it.",1,2026-01-11
reddit,prescription eye glasses? how is that possible? or do you mean like sunglasses or something?,1,2026-01-12
reddit,"Prescription glasses, it broke near the nose bridge area",1,2026-01-12
reddit,Since when blink it started delivering that,1,2026-01-13
reddit,"Oh my bad, I got feviquick, not another set of glasses lmao.

Wrote the first comment at 3 am after work so didn't realize I wasn't being clear.",1,2026-01-13
reddit,makes more sense haha,1,2026-01-13
reddit,"definitely came in clutch during our exams where we had to have physical prints of certain certificates to submit. 

printing stores don’t open up until 9 or 10. and yea, once ordered drinking water from blinkit and got it in the 15 mins cause my PG ran out of it 😆.",1,2026-01-11
reddit,"still no tip 😓, a advice it won't hurt your pocket but  if multiple people start doing 20-30 tip it would make a big difference for them who are waking up in night",1,2026-01-12
reddit,Exactly:) an actual tip toward the person would do a lot more than a thank you posts online ffs…,1,2026-01-14
reddit,Doing refund upto 600 in amazon (30% my cut),1,2026-01-14
reddit,I was in a similar situation two months ago. It wad a day after giving birth to my son. I had difficulty in latching my son and he would cry nonstop due to hunger. I felt so guilty and upset over this so I immediately searched Blinkit for a breast pump and feeding bottle. Got both within 15 minutes right at the hospital.,2,2026-01-14
reddit,"Local shops vs blinkit price difference is insane Bought this from a local toy shop for ₹80 vs same thing listed on blinkkit for ₹500. 
Go local !",234,2024-10-07
reddit,All these 10 minutes are for emergency times only. like koi guests ajaye chai ke sath biscuit ni hai or sudden craving or processed food bahar ni jana and all . I guess bahar jao outing bhi hogi physical plus mental health in check,49,2024-10-07
reddit,"These have better varieties and options and many things are available and I don't have to go to 10+ stores if something isn't available
Most shops are outdated",1,2025-11-25
reddit,"What's your review on Blinkit, Zepto Groceries in CBE. I was wondering, whats the quality of fruits and vegetables from Blinkit, Zepto etc. Do they ship them from their darkstores or nearby shops? How do they compare to picking groceries at the store by ourselves.",14,2025-03-20
reddit,"Fruits and vegetables are hit and miss. 

It's better to pick them up from the local grocery shops. 

They are a good option for buying packed food and other products that don't get spoilt soon.",2,2025-03-20
reddit,"After reading all the comments, this seems like the way to go.",1,2025-03-20
reddit,"Instamart, Blinkit Vs offline grocery shopping I buy regularly using instamart and blinkit after coming to Chennai a year ago. I don’t do offline grocery shopping.

Those who do offline shopping, can you tell me if there is a considerable price difference in buying from stores.

I have got so used to the convenience that I find to hard to stop the habit. But would want to do it only if it is worthy.",8,2026-06-10
reddit,Quick commerce is good for stuff with Mrp...but in fruits and vegetables...offline is the winner,9,2026-06-10
reddit,"https://preview.redd.it/z2438uwp7i6h1.jpeg?width=1170&amp;format=pjpg&amp;auto=webp&amp;s=45b0d4a639dac88abfce3c4d1423afd0148e722e

Recently did an offline grocery run. Saved around Rs.90 on just a small basket of vegetables and some items like French beans and sambar onions were almost half the online price. A few things like ladys finger were cheaper online depends on the offer that day too but overall the local market worked out noticeably cheaper

For me it seems the sweet spot is using online apps for emergencies or small top ups and doing one proper offline vegetable run every week or two",6,2026-06-10
reddit,"Thats how grocery pricing works it is meant to be random, bigger players have loss leaders and then suck you in to buy a lot of products at discounted prices so they make money in volumes. Just cause your neighborhood store is cheaper on one day doesn’t mean its always cheaper. Same for swiggy and other merchants.",2,2026-06-10
reddit,You can go offline shopping If you have a list of you are doing a monthly purchase. Quick commerce is mostly when I need 1 or 2 items urgently. But over time when you see the price difference and lack of time n energy you end up doing most of grocery on quick commerce.,1,2026-06-10
reddit,"Its knowing which of the products can be bought online and offline at best price. 
Jio offers onion at 5/- after you buy for 299/-
They run weekly offers for paneer
I buy maida, dals, nappies at d Mart
Masala items and washing liquid in  sowcarpet
Flipkart minutes also has great prices sometimes.
(Thanks to my mom and her sharp eyes I get notified on jio offers)",1,2026-06-10
reddit,They stopped giving 5 rs onions and added delivery charges of 40 rupees. I got so much used to jiomart but now am moving to flipkart minutes. And previously flipkart grocery/ flipkart kilos which gives much cheaper but they stopped that,1,2026-06-11
reddit,"Here in Besant Nagar, the only supermarkets are Nilgiris, ADS, Patanjali and a few independant supermarkets if you go towards Adyar. Then you have Nuts and Spice and Browntree. For vegetables you have KPN, Origin Fresh and then other independant stores. 

In general, you are going to find the most variance to be in vegetables. You have to have a general idea of market prices

Since we are a family of 7, the main shopping happens in Wholesale Mandi online (formerly Madrasmandi), but since you have to buy in bulk, not everyone can use that much. 

Other than that, we purchase in a KPN or a local store that's nearby. We don't use online stores to buy fruits or vegetables unless it's exotic or we urgently need something. 

For other things, we purchase a lot of staples like rice and pulses from local rice mandi shops and the rest of the things are from online shops. 

For online shops, I personally use the Comparify app, so it's easy to know which store has what item and who offers the best price. Everyone else in the family just bugs me to search for them. 

We don't live near a dmart or sprar, where doing a monthly shopping trip in bulk would help reduce cost, especially given the inconvenience of going (time spent) and the petrol cost. Most of the things like toothpaste, soap etc are just bought online.",1,2026-06-10
reddit,"Avoid veggies and fruits cuz we can't trust if they are fresh &amp; can't get it refunded also in zepto atleast. Buy the stuff in which u have discounted price than mrp.

Don't buy eggs too. It's priced 5-6rs outside and here in e-commerce it's sold around 60rs for 5 eggs and 90rs for 12 eggs",1,2026-06-10
reddit,"I use Swiggy CC, which gives 10% CB on Instamart, I mostly purchase the MRP products in it, which mostly come with additional Swiggy discounts",1,2026-06-10
reddit,Fruits and vegetables offline is the cheapest,1,2026-06-11
reddit,"My best advice, Use online platforms for buying packed items like snacks, dals, rice etc… you can get them slightly cheaper comparing to offline store. And use credit card to get cashback like swiggy CC. Offline store is best for daily purchases like vegetables, fruits, small servings. In Online they are selling vegetables and fruits for very huge price. For example. In swiggy they listed one kg of onion for 30. But I bought 2.5kg onion for 50 only at offline. They are making profit from vegetables and fruits for only. These is my one year of observation.",1,2026-06-11
reddit,"Curious - what do you use Blinkit and Zepto for Do you use them for staples too or for emergency items like milk, curd etc?",8,2024-04-28
reddit,"For almost everything,  recently started using blinkit fir printouts haha",10,2024-04-28
reddit,"They take 10 rupees for a printout, stationery shop takes 5 so i guess you go straight too r/kothibanglacheck",7,2024-04-28
reddit,Ye latt hai jo ek baar lag jaaye to bhot nuksaan karti hai,2,2024-04-28
reddit,how much time do they deliver in?,1,2024-04-28
reddit,"arey wah

is there a minimum pages requirement?",1,2024-04-28
reddit,No but they take ig 15 rupees handling charges,2,2024-04-28
reddit,"Used to use it a lot in college, for munchies and stuff.

Now I have a rule that for up to 2km I'll walk to the place and get stuff myself. Helps me stay fit",7,2024-04-28
reddit,Itna discipline chahiye bas,1,2024-04-28
reddit,Sirf gym/fitness ko leke hi hai yeh discipline baaki harr cheez me chronic procrastination chall rhi hai😭,3,2024-04-28
reddit,Atleast you have your health sorted,1,2024-04-28
reddit,Zepto for snacks when I don't feel like going out. And dahi 😅,6,2024-04-28
reddit,"Same 😭

Zepto pass has made my life easier and me lazier.",4,2024-04-28
reddit,For almost everything,5,2024-04-28
reddit,For literally everything,4,2024-04-28
reddit,In summer for evrrything. Other seasons I turn back to Dora the explorer,3,2024-04-28
reddit,Dora the explorer?,1,2024-04-28
reddit,"Everything,it's the greatest thing ever",2,2024-04-28
reddit,"never used.   
have only used zomato and swiggy",1,2024-04-28
reddit,That last minute soda .,1,2024-04-28
reddit,depend karta hai mai kis floor pe hun aur vahan se bajar kitna door hai..,1,2024-04-28
reddit,"For snacks and daily-use household stuff. 
Even when my street corner literally has every single shop
But at times zepto/blinkit makes more sense. 

I actually tell the delivery person who is bringing me lays and assorted chips to see the general store full of same stuff to recognise my street. 
It gets weird at times.",2,2024-04-28
reddit,ghar ke pass dairy hai so :),1,2024-04-28
reddit,"how are milk and curd emergency items, tf",1,2024-04-28
reddit,"I use none, I use bb and swiggy instamart",1,2024-04-28
reddit,Milk and snacks when I don't feel like stepping out of my house.,1,2024-04-28
reddit,Mainly bread eggs milk and so on.,1,2024-04-28
reddit,have never used them and dont intend to,1,2024-04-28
reddit,Legs !! I guess,1,2024-04-28
reddit,"Itna saare comments, kisi ek ne bhi sutta ya OCB nahi bola ☠️",1,2024-04-28
reddit,IKR? SO disappointing,2,2024-05-07
reddit,"I live alone and fell sick for few days last week and lost the appetite to eat much. Gained a bit of appetite for fruits and juice but it was 12 am and i didn’t have any fruits. That’s when it came really handy.

Other than that I don’t want to do anything with it. I did the mistake with zomato and suffer because of it by ordering food online a lot. I don’t want to do the same thing with groceries and snacks and unnecessary stuff",1,2024-04-29
reddit,I prefer zepto n it's always for groceries n more for eggos😁,1,2024-04-29
reddit,Main istemal nhi karta kyuki mere paas paise nhi,0,2024-04-28
reddit,Kandom is convenient to get now,0,2024-04-28
reddit,"Blinkit diwali gift Ordered some stuff off of blinkit, was pleasantly surprised with the blinkit diwali gift box, there was some bhujia as well which is already in my tummy, i know this is all a advertisement gimmick but look at that tiny bottle of dot and key cream ♥️♥️",41,2024-10-19
reddit,Ye kya sabko de rhe ya randomly kisi kisi ko he de rhe?,19,2024-10-19
reddit,"I think sabko, you try and order as well...🎉🎉",9,2024-10-19
reddit,"Mere yhan blinkit nhi hoga ig, but nvm, soan papadi bhi mili kya? 😍",5,2024-10-19
reddit,Zepto is giving soan papdi. The name being 'make soan papdi great again',6,2024-10-19
reddit,I ordered stuff today and didn't get it,5,2024-10-19
reddit,I got two dabbas of Zepto Soan Papdi #MSPGA,1,2024-10-19
reddit,"As OP was saying, soan papadi is classic and here comes the classic heart hehe :) ..and zepto oh they really knows what i  want 😄",3,2024-10-19
reddit,Soan Papdi is already great,1,2024-10-26
reddit,Noi😭got unibic cookie,2,2024-10-19
reddit,Ohh...i love soan papadi lekin badi hate milti hai soan papadi ko har saal he. Last year sabne iski jgh chocolate n mithai de di thi...i wish is saal soan papadi ka trend vapis aye😭,2,2024-10-19
reddit,"Soan papdi is a classic, we always have a box of soan papdi at our place my father loves it.... Woh alag baat hai ki unko sugar bhi hai",1,2024-10-19
reddit,My naani also has sugar lekin unka alg he level hai...coca cola peene mei sabse tez hai vo😭,1,2024-10-19
reddit,Oh my god I get it 😭😭😭😭,2,2024-10-19
reddit,"Bro I get stuff from them everyday, mujhe toh nhi bheja🙁",5,2024-10-19
reddit,Koi na bhai...diwali mei koi na koi soan papadi bhej he dega :),3,2024-10-19
reddit,I think it's above orders of 750,2,2024-10-20
reddit,Bc do din se samaan mangwa raha hu de nhi rhe kuch,16,2024-10-19
reddit,What was your total bill?,6,2024-10-19
reddit,"908

https://preview.redd.it/ulg8e84g3qvd1.png?width=1080&amp;format=pjpg&amp;auto=webp&amp;s=3e23a44ca348a34132df55e72ec4876beba452a9",1,2024-10-19
reddit,I have also got on rakshabandhan that was time i realised ppl r not that bad lmao,3,2024-10-19
reddit,Aaye you think we gonna get any Christmas goodies ?,3,2024-10-19
reddit,"Why to waste diwali one try it 
Lol",2,2024-10-19
reddit,"Ohh ..i am just being greedy here, this has set my expectations high",1,2024-10-19
reddit,What should be the minimum amount for ordering??,2,2024-10-19
reddit,I ordered stuff worth more than Rs. 500 today but didn't get the box.,5,2024-10-19
reddit,"marketing hai bro
i guess 500 me 1 order ko mil raha hoga ye, but aese posts dekh ke everyone will be like let me try.",6,2024-10-19
reddit,I have never been this lucky then,1,2024-10-20
reddit,"I order almost every day. Yesterday I ordered twice both over 500, still didn’t get anything",3,2024-10-20
reddit,My bill amounted to some 1300 ish rupees and still no gift box.😶‍🌫️,2,2024-10-20
reddit,"🥺 I told my neighbour, they also received a gift box",2,2024-10-20
reddit,"I got this, too,but with different stuff",1,2024-10-20
reddit,"Great, finally someone , go ahead share what you got 🎉🎉🎉",1,2024-10-20
reddit,"I got a small sunscreen,a random sweet,schweppes mint mojito and some random chips",2,2024-10-20
reddit,That's nice wanna trade ?,1,2024-10-20
reddit,"I also got one ! 😊 Order value above \~ Rs 1300. Maybe it is based on monthly / yearly customer spend .

https://preview.redd.it/e26gjf574xvd1.jpeg?width=3024&amp;format=pjpg&amp;auto=webp&amp;s=b950a4462e649bd095a705021cc8763ec12f046d",1,2024-10-20
reddit,"As an appreciation for your content contributions to this community, you have been rewarded the following community currency rewards. 

 💱[Learn more about Community Currency!](https://www.reddit.com/r/communitycurrency/comments/1cz88xg/community_currency_empower_your_community/)💱

🏅 4100.00 [AWARD](https://www.reddit.com/r/delhi/)",1,2024-10-21
reddit,"Do you guys check prices on other quick commerce? I am always curious to know how Blinkit is the market leader in Quick commerce area when I always find it expensive. I always check prices on all quick commerce apps Instamart, BB, Zepto, Amazon now , Flipkart minutes , Blinkit. 

Out of around 200 orders I made last year , only 3 times I ordered from Blinkit. Other times Blinkit was always the most expensive one. 

Most of my planned orders were solely through Instamart( Up until October ) as Instamart gives ₹100 off on ₹750 on Saturday for Amex cards. So Instamart took majority of my orders in 2025. 

My second and third most used apps would be Zepto and BB. Zepto gets second place mainly because of free delivery on ₹99. BB gets the third place as my wife does lot of poojas and BB supplies the cheapest and good quality flowers. 

My fourth most used app would Amazon Now , I only found this amd started using it from October and its already getting most of my orders.  ₹50 off on ₹400 and ₹100 of on ₹750 on any day and any payment method is very generous. It will probably be my No.1 app in 2026 if they keep same prices and offers. 

From my view , Blinkit's Product prices are always high , adds too many charges and doesn't have great offers either.

I am from Bangalore, None of my freinds here use Blinkit much either so really want to know the perspective of Blinkit users and if you can mention your city its much appreciated 👍.


TL;DR. OP from Bangalore is really curious to know how Blinkit is the most Popular app in India when he and his circle rarely use it.",20,2026-01-15
reddit,"Blinkit has far more options than any other store in my area, plus UI, app experience is kind of best. That's why I use blinkit more. But when something is available on all platforms then I get it from the best price store.",6,2026-01-15
reddit,"Imo instamart has the biggest inventory, i found product ms I'd never imagine lmao",1,2026-01-15
reddit,Honestly depends on the area you’re from.,1,2026-01-17
reddit,"Prices are cheap if you have been recently funded. Its as simple as that. Zepto is cheap now because it raised capital recently and uske baad se delivery charge 0, packing charges 0, night fee 0....   
  
I also rarely use blink it because prices are not discounted and often sell at MRP and they do charge 12rs for delivery charge but blink it really delivers faster than everyone else. Zepto toh kaafi slow he infact.

UI is Blink It is top notch ( miles ahead of swiggy and zepto )",3,2026-01-15
reddit,"Cool. Delivery time in my area is less than 10 minutes for all apps except BB NOW , which takes around 20 minutes . I don't really care much about UI or pay attention to it in detail so I am ok with all the UIs actually.",1,2026-01-15
reddit,For me Instamart is best then comes Bigbasket,3,2026-01-15
reddit,"Kind of like me , which city mate ?",1,2026-01-15
reddit,Bigbasket for me&gt;&gt; it has its own line for most of the items and its pricing is competitive with the market like pulses etc. though I do check blinkit/zepto for things like shampoo etc,1,2026-01-15
reddit,"I find zepto pricing to be lowest. Plus since there are no fees above 99Rs it is a no brainier right now. But blinkit actually has a huge inventory, if something is out of stock on any platform, there is a high probability it will be available on blinkit",1,2026-01-15
reddit,"I order mostly through Instamart. I found Instamart and swiggy customer service to be most helpful of all. Then as zepto offered free delivery over 99, I started using it. Now they changed to 150. Blinkit is expensive of all in terms of products. I don't use it much. I used big basket a lot before Instamart, etc. I don't use it much now. 

I'm from Hyderabad. I don't Amazon go or flipkart quick (don't remember the name) is available here.",1,2026-01-15
reddit,"I have""buy hatke"" on my phone. It instantly shows all the previous price of the product and where they are available for less",1,2026-01-15
reddit,For grocery I will always prefer big basket have been buying from them since Thier inception .,1,2026-01-15
reddit,"I did and they all suck, Everything is super expensive on blinkit, i checked the market price of 30 Eggs its currently 240/ 30 eggs. On Blinkit/Shlinkit it is 311 / 30 eggs. That a difference of 71 rupees per crate, this is the same with all kinds of delivery stuff including Zomato. People shoudl wake up and stop using these services. Which give you way less for way more. Use something like D-Mart or Amazon fresh which is next day delivery but without such an exorbitant markup. I wonder what the Stock traders and SEBI thought when including a delivery app like Zomato in the Index ? This will sink indian economy one day and should be remove from the Index. All these delivery companies shoudl be banned from IPO'ing or will sink the Indian economy bigtime someday.",1,2026-01-16
reddit,"Are you serious Blinkit? Literally the SAME order. And the lol part is Blinkit has put it in the “great deal”. I mean dude that’s a freaking ₹230 difference!!!! And that’s hugeeeeeee!!!

It’s time to switch to Flipkart minutes guys! Ffs",82,2025-04-15
reddit,"You are getting product delivered at the comfort of your home without even stepping out. There is an entire system in place to make that happen for you. 
Ye log paise bhi na kamaye? 
You are paying for convenience, least you could do is compare the prices if you want to save some money.",0,2025-04-16
reddit,"Best blinkit/zepto/instamart find Helloooo,

What is the best food item you found on the instant delivery apps?

Please dont gatekeepp",3,2026-04-21
reddit,Go zero mango Ice cream and Get-A-Way blueberry cheesecake cone~ these are good tbh!🤤🤤,3,2026-04-21
reddit,Farmely roasted peri peri makhana,2,2026-04-21
reddit,Heard about it!! Will try it,1,2026-04-21
reddit,Hotwheels to eat??,1,2026-04-21
reddit,Someone  said wai wai noodles,1,2026-04-21
reddit,"Veeba cheese and jalapeño dip tastes good on bread and in salads, jimmy sparkling water, milkymist skyr yogurt and akshayakalpa dosa batter

These are not finds but my regular cart.",1,2026-04-22
reddit,"What are your best Blinkit Finds? Write down all your best finds and suggestions from Blinkit. It doesn't have to be anything exotic, just what you enjoy or think is a good purchase.",2,2026-02-16
reddit,An alcohol flask. I bought it for cold coffee and to look cool.,1,2026-02-17
reddit,"Which is better? Blinkit or Zepto or Instamart ? Hey...any suggestions or recommendations on which app is better in terms of price, speed and service? Good if I can get a pov from Blr.",1,2024-12-31
reddit,Non. Just go to store and buy,3,2024-12-31
reddit,Exactly my point if you love your money lol,1,2024-12-31
reddit,Use any of these only when there are offers and you are sure that you will get things cheaper than near by stores,2,2024-12-31
reddit,"Whichever gives items at the cheapest price. Zepto super saver has been amazing lately, beating everything else out there!",3,2024-12-31
reddit,"Blinkit, Instamart and Zepto in that order, based on my personal experience. Had  a couple of instances where Zepto sent expired dairy products. Their customer care immediately refunded though.",1,2024-12-31
reddit,"I have seriously wondered, why do people want things in 10 mins? It's different if you have tadka oil on stove and really need curry leaves to go in. There are only so many situations like this where you would need something in 10 mins. The value this fast delivery under 10 mins concept creates is underwhelming but the company valuations are ironically too high",1,2024-12-31
reddit,Best is kirana waala,1,2025-01-13
reddit,"Is buying meat from Instamart/Blinkit worth it ? Hey so I've been meaning to cook every Sunday , just to treat myself. I have a calorie deficit diet all the other 6 days and Sunday is my cheat day. 

I don't have any meat shops near by and I'm not used to buying like that .I've used Licious in the other places I lived in. I see that the only online portal available is Instamart where they sell from a vendor called Laa Meats. 


Does anyone have any experience with this or any recommendations for buying meat from online platforms in CBE. Thanks ❤️",7,2025-02-19
reddit,"Licious used to be really good when it started, but somehow I get the feeling that they are going down in quality. 

Tried the one from BB now, but the meat didn't feel fresh and was frozen.

Finally I resorted to ordering from the local chicken shop and got a pick up done by porter.

The advantage of the local shop ( herboo) is that I could get the choice of pieces I wanted. 

Bon appetite!

P.S

Been ordering meat online since corona and have had mostly good experiences.

Fresh 2 home is also a good alternative.",3,2025-02-19
reddit,"I'll check out Herboo and Fresh 2 Home, thank you for your answer !",2,2025-02-19
reddit,"Licious is available in cbe, I've had family use it here. Have you tried checking it in your area ? And as for if swiggy or blinkit will be good for meat, I guess you could try once for a small quantity? And worst case you could always reach out to the respective app support and get a refund or replacement",2,2025-02-19
reddit,Oh really? I googled and it said it was temporarily closed plus it had abysmal ratings. I'll check again. Thank you 🙏,1,2025-02-19
reddit,So I have family that still use it in the peelamedu area and they mostly get boneless chicken and quality has been decent except for once or twice but for that too they managed to get it replaced/refunded. Hope it works out for you!,2,2025-02-19
reddit,"Thank you, I live around that area as well. I'll check it out !",1,2025-02-19
reddit,The problem is that they give frozen chicken. Better to buy from a meat stall closeby. If you were in mumbai or sth its still understandable,1,2025-03-02
reddit,"FreshToHome , Licious - both are available in CBE.

Also check on SouLocal. See if there are meat shops listed in there for your pin code.",2,2025-02-19
reddit,"Licious is good, FreshToHome not so much",2,2025-02-19
reddit,Oh conflicting opinions all over. Seems like all of them are doing a mid job,1,2025-02-19
reddit,Any idea about how Lulu is ? I have shopped from there but not the meat though,1,2025-02-19
reddit,"Oh my , I'll check again. I saw this and I was left conflicted

https://preview.redd.it/tql6zmr3y2ke1.png?width=960&amp;format=png&amp;auto=webp&amp;s=e0f4246bf3a1937f0d45faca402e4ca52f3346ac",1,2025-02-19
reddit,"I have ordered 3-4 times from Licious. They delivered properly. Once order was delayed. But other times, it was delivered quickly.

Also the brand available on Instamart, I really did not like the taste. But that is only me. You can check based on your preference.

BigBasket also has meat option. But it won't be quick delivery. Most probably, you will get it next day.",2,2025-02-19
reddit,"Oh okay , thank you for your detailed answer. I'll let you know how it goes,  worst case it's food poisoning , best case an incredible meal

I'll take the odds",1,2025-02-19
reddit,"I’ve been using Licious weekly for &gt;2 years, only had 1-2 packs of chicken that seemed questionable.",2,2025-02-20
reddit,I'm going to try Lulu for frozen prawns and maybe minced chicken. I'll let you know how it goes.,1,2025-02-21
reddit,If you are in saravanampatty or kalapatti area better order from navalady farms..muttom is best there,2,2025-02-21
reddit,"Curious - what do you use Blinkit and Instamart for Do you use them for staples too or for emergency items like milk, curd and eggs etc?",5,2024-05-06
reddit,"Paperboat Sparkling water, Lots of snacks. Blinkit has more variety compared to Instamart I have observed. I wasted so much money on snacks. Banana chips, Diet coke etc etc.",16,2024-05-06
reddit,Diet Coke is dangerous I heard....🥲,3,2024-05-06
reddit,"Oh wow, I have it a lot. Maybe i should stop.",4,2024-05-06
reddit,It causes alzheimers,3,2024-05-06
reddit,Ante antha marchipothana? Aithe manchide bro.,6,2024-05-06
reddit,"The good thing is, you won't get to regret what you've done :)",2,2024-05-06
reddit,"no, aspartame and saccharin are the most thoroughly researched ingredients in the world, if you want to restrict your calories they are really a good option, they will only cause you harm when you consume a lot like more than 12 -13 bottles of coke or something",1,2024-05-06
reddit,12-13 on daily basis?,1,2024-05-06
reddit,"yes, those tin ones which are round 300ml",2,2024-05-06
reddit,"You should, if possible all soft drinks....beer is better at times lol",1,2024-05-06
reddit,Really? I can't stand beer at all. I started rotating like a top after having 40% from the bottle lol. Can I have breezer?,1,2024-05-06
reddit,"Ha ha, slowly you drink.... don't make it as habit, once in a while you drink if it's necessary. Everything is dangerous to health though. but soft drinks are too dangerous I read",2,2024-05-06
reddit,Thanks bro. I'm trying to limit the intake but I'm too habituated. Hopefully I'll stop. Thanks.,3,2024-05-06
reddit,"Late-night Blinkit haul Picked up these today…trying the Whyte Farms paneer and Health Factory rusks for the first time, while the Huber &amp; Holly brownie ice cream is already a repeat purchase.",16,2026-07-14
reddit,How's the taste of that Belgium brownie chocolate?,1,2026-07-14
reddit,Ameero ka panner 🥀,1,2026-07-15
reddit,Please update on the taste of whyte farms paneer,1,2026-07-15
reddit,What did you guys buy from the blinkit sale? Ignore my cart 🤷🏻‍♀️,3,2026-07-18
reddit,"Blinkit ghosts me

( Legit deliver 1-2km away from my place,then I have to walk over there  )😭😭😭",1,2026-07-18
reddit,Lol really? Atleast they are using common sense and not assigning a delivery partner for two houses or blocks. You could place an order and ask them to keep it aside and collect at once when you step out maybe,1,2026-07-18
reddit,😭 and I live in fking delhi ....broo😭,2,2026-07-18
reddit,Write them mail. Same thing happened when zepto cafe had started. It was active in the colony adjacent to ours . But within just a month they expanded.,1,2026-07-18
reddit,dove hair masks!,1,2026-07-18
reddit,"After weeks of searching across Mumbai, Blinkit came through at 7:15 AM in the most unexpected way. So, I started actively hunting for a PS5 about a month ago. I’ve been gaming on an RTX 3050 laptop since 2021, and while it was great at first, it’s really started showing its age after 5 years. Older games still run fine at 1080p, but newer titles just lag too much. It was time for an upgrade.

​I started looking for a console the usual way here in Mumbai—checking Flipkart, Zepto, and Blinkit. It was out of stock online absolutely everywhere.

​Two weeks ago, I started calling physical stores. A local Sony authorized service center redirected me to a dealer, who told me they were expecting a restock in 1–2 days. When I called back, nothing had arrived. Then, someone on Reddit suggested checking Vijay Sales because a fresh batch had landed. I called a nearby branch; they had no idea. I physically went to another branch, and the rep told me only about 80 units were arriving for the entirety of Vijay Sales in Mumbai (around 5 per store). He already had a pre-booking list of 20 people, but he threw my name at the bottom of it. At that point, I pretty much gave up hope.

​Still, out of pure habit, I kept checking e-commerce apps every day. Two days ago on Blinkit, it suddenly showed ""Stock expected: 1 qty in upcoming days."" I hit the ""Notify Me"" button but didn't think much of it.

​Cut to yesterday morning. I'm getting ready for work, and I get a WhatsApp notification from Blinkit: PS5 back in stock near 400604 (workplace).

​I panicked. I checked my home address on the app—still out of stock. I quickly swapped in my office address, and it showed 2 units available! The catch? It was 7:15 AM. I don't usually reach the office until 9:00 AM, but Blinkit was promising delivery in 20 minutes.

​I took a deep breath, placed the order, and immediately called my office security guard to explain the situation and ask him to receive it for me.

​And voila! After weeks of desperation, I finally have a PS5 Disc Edition, bagged for ₹54,504.

​Thanks for letting me rant, everyone. Stoked to finally join the club!

P.s. I used Gemini to reframe my post.",0,2026-07-03
reddit,"Same here in Kolkata, confused if it would be safe to buy from Blinkit.. especially with all the reports of cancellations.",1,2026-07-03
reddit,"Blinkit This is so frustrating. They rejected Blinkit's license, but are they at least going to ensure there's a reliable alternative for students and working people who depend on quick commerce?

As a student, quick commerce is genuinely important to me because I often don't have the time to go out and buy essentials. It doesn't have to be Blinkit specifically, but there should be a strong substitute.

Right now, Somoi just isn't cutting it. Most of the products I need are out of stock, and the app itself feels unfinished and unreliable. If anyone from the Somoi tech team is reading this, please take it as feedback—the app seriously needs improvement in terms of performance, UI, and inventory management.

I understand that local vendors are struggling, and they deserve support. But the government also needs to consider the public's convenience. Instead of banning or rejecting established quick-commerce platforms without offering a comparable alternative, why not promote a model where orders are fulfilled through local vendors rather than dark stores? That way, local businesses benefit while customers still get fast and reliable deliveries.

The goal shouldn't just be to stop Blinkit—it should be to build something better. People need a platform where they can actually find the products they need, get them delivered quickly, and still support local businesses. Right now, we have neither.",37,2026-06-26
reddit,"Its because of stupid lobbying by shops like Regetta. There are no big stores offering any kind of discounts. All are just looting. And when blinkit came, everyone's ass was on fire and they just lobbied to block blinkit. Such stupids who dont want to give out any discount and just loot people. And Somoi I am sure is a product of this lobbyists and sure bound to fail as they cant match blinkit for sure in terms of smoothness/logistics.",24,2026-06-26
reddit,"Disclaimer : I want blinkit to operate, and am against this argument from khadc which is basically a stand against free market.

But as far as discounts go, rhe discounts that blinkit gives  on products depends on their contract with the particular brand across the country. They get special rates and discounts which local stores will never get because of the guaranteed quantum of sales companies get from blinkit across the country.",3,2026-06-28
reddit,"In many other cities, department stores/little big stores give some amount of discount. I think Shillong is the only city where I havent come across any sort of discount in these big stores.",1,2026-06-28
reddit,True that! None of big stores in Shg offer discount like other places.,2,2026-06-27
reddit,yeah....all of them hell bent on looting,2,2026-06-27
reddit,By their logic the KHADC should also ban JCBs and bull-dozers. These heavy earth moving machines have really hurt job opportunities for young men who could have dug the ground manually. Surely banning such machines would produce great employment opportunities in the earth digging sector!,7,2026-06-27
reddit,"OP, dark stores are necessary for services like Blinkit. They help with inventory management, quick packaging, and shorter delievery times. 

The biggest plus of having Blinkit that people seem to not notice is the surge in gig opportunities for people. Unlike Swiggy and Zomato where they may have to travel long distances, for Instamart and Blinkit, it's always short distances that can be reached within ~10 minutes.",8,2026-06-27
reddit,"One of the reason why Shillong is not growing.The last i visit was in 2015 now 11 years letter nothing change,it remains the same.Shillong is stagnant.",2,2026-06-28
reddit,"One thing i observed in Shillong is people don’t have a business mindset. Not insulting someone or undermining their efforts. But they are comfortable in whatever they are earning they don’t want to grow the business. 

Went to plenty of cafes/eatery dhabas  
Most of them had only 4-5 items available at any given time and took 30-40 mins to prep the reason being they were self operating it didn’t had any staff. Why won’t you hire people and grow your business?? (Talking specially about places outside shillong)

Even in shillong i felt the same thing people are too comfortable with their earning mindset they don’t want to increase it.",2,2026-06-28
reddit,Start petition. We will get lots of signatures,4,2026-06-27
reddit,This is a simple case of help me and I will help you too . The legacy shops helps them with funding when needed and in return the officials do what the legacy shops wants so yes this is why we are were we are today.,1,2026-06-27
reddit,"Good Ban Blinkit ,Ban Railways central should provide less  fund for Infra. Opposing Everything is bad their need to be balanced development in every things all stake holders need to be account",1,2026-06-28
reddit,"Govt POV:
Instead of developing the system let's downgrade the entire system, that should put everything in sync.",1,2026-06-28
reddit,"That city is hopeless man. I would suggest save up a lumpsum amount, go to Guwahati every weekend or once a month and get the stuff you need. Local vendors are not ""struggling"". They just want to sit and rot and get whatever comes when it comes. That's all. They don't care about making more money. 

It is very hard to live in Shillong unless you are living in the crowded ghettos with shops stocking everything. Otherwise you won't get anything easily in Shillong. I haven't seen a single shop stocking milk, when that is the basic thing that any grocery shop anywhere in the world always has.

Shillong is like trapped between its old ways and refusal to adapt to the new ways and resistant to competition from migrants. On one hand half the population there are either government employees, big business owners, owners of hotels and resorts. The remaining half lives in absolute abject poverty. They are egotistical and won't do menial jobs and that's what is leading to influx of migrants. In fact it is not that they won't do menial jobs. Their style of work is to demand the price of gold for a 2-3 hours of work. The women though do a lot of work in the rural sides - provided the boss is a local for meagre pay - but in the city side they won't do any work. I know Khasi people doing businesses but they have to depend on Bangladeshis or the Biharis to get their raw materials and for labour. Every bloody thing from taxis fares to other facilities are overpriced. You will very easily spend 1000 Rs on food per day if you are in a hostel kind of environment. The supply is very low and demand is high. Franky even in the families of elite population earning good, 5-8 youngsters will be loafers just doing chores for their families and loitering about. The government tries everything in an attempt to provide a source of income to all the rural population like allocating entry control of different spots to the people living there so that they can collect entry fees for it. Even there some guard or attendant will offer to guide you and demand 500 Rs for 30 minutes of walking with you. This 500 they won't save up. They will go buy half a kg of kwai and 2 bottles of beer and their day gets over. Can't they accumulate 200-300 of this money daily and save up maybe 20-30k and set up a shop? No.

Some of the lobbyists were accusing Blinkit of hiring outsiders. Blinkit doesn't do any recruitment drives going to other cities to pick candidates. ANYONE can sign up as a Blinkit delivery boy. But who among the poor population can afford two wheelers and a smartphone with adequate internet connectivity? Those who do, find doing 10-20 deliveries for just getting 300 rs to be too beneath them.",1,2026-06-28
reddit,"""Lyngdoh justified the council’s approval of a trading licence to Alaya Cafe &amp; Bar, which will operate from the same Lumsohphoh, Nongthymmai premises where Blinkit previously functioned before shutting down. He said the decision followed representations from local grocery associations warning of threats to indigenous traders.""

  
Pure politics",1,2026-06-29
reddit,"Blinkit offers a great service, especially for tourists.
Many tourists are not aware that most shops in Shillong close around 10:00–10:30 PM. Having Blinkit as an option is extremely helpful in such situations. Most locals still buy from local shops, as the KHADC has mentioned. We mainly use Blinkit for products that are unavailable in Shillong, and it also introduces a wider range of products and electronics with delivery in just 10–15 minutes.
Blinkit also offers printing services starting at just ₹3, which is incredibly helpful for students and during emergencies, especially on Sundays when most shops are closed.
I think this issue needs to be looked at from a broader perspective. Many tribal youth have found employment at Blinkit, earning commissions and bonuses on good days. If there is already a shortage of jobs in the city, and a reputable company is creating employment opportunities for locals, why are we opposing it?

This is not a dictatorship.

We have our rights.",2,2026-06-29
reddit,"Dw folks, blinkit will be back soon. Also, other major quick commerce platforms will start service very soon.",1,2026-06-27
reddit,Who tf is downvoting y'all,1,2026-06-28
reddit,For real? Is the info reliable..have been missing blinkit alot,0,2026-06-27
reddit,"I have been to shillong for a week recently and blinkit/instamart is what I missed most. I had my niece and elderly parentswith myself,  and I thought so many times that if only blinkit was available here. I think a local app by natives is need of hour. Don't know logistics but I am sure there are many people who are capable of it.",0,2026-06-27
reddit,local one is there...somoi and its really bad,2,2026-06-27
reddit,"Got a steal deal on blinkit Got these etude lip tint which usually cost 900 or 850 max (for 1) ! ....got two for only 830

Definitely a steal deal i believe ✨",3,2026-07-19
reddit,It's an amazing deal for those who prefer nudes. But otherwise there's nothing much to select from.,2,2026-07-19
reddit,"True, i myself is a dusky skintone girl and the Woody pink honestly washed me out 😔 so I gave it to my sister but the cranberry pink looks just wow ✨",2,2026-07-19
reddit,Can you plz share the swatches?,1,2026-07-19
reddit,I don't have the Woody pink anymore as I gave it to my sister but I can show you how cranberry plum looks,1,2026-07-19
reddit,Thanks for the swatch! Looks lovely on you!,1,2026-07-19
reddit,"This is how cranberry plum looks on me ...I'm dusky skintone - Mac NC40 (if that helps)

https://preview.redd.it/7veoj1r2j6eh1.jpeg?width=1026&amp;format=pjpg&amp;auto=webp&amp;s=aadeec3904f5a6633cbfccb9b46f0b1561bc0537",3,2026-07-19
reddit,"What do you guys actually use instant marts (Blinkit, Zepto, Swiggy Instamart, BigBasket Now etc.) for? 🤔 Hey everyone!

I’m curious about how people are actually using these instant delivery apps like Blinkit, Zepto, Swiggy Instamart, BigBasket Now etc.

Like… what do you usually order from them?

Groceries? Late-night snacks? Emergency stuff you forgot to buy? Random things?

I keep seeing people order the most unexpected stuff and it made me wonder what everyone’s go-to items are.

Drop your most common orders or weirdest instant mart purchase 😂

Just trying to see what people are really using these apps for!

Thanks!",50,2026-03-11
reddit,"Have stopped going to any stores these days after zepto stopped additional charges. 

Basically everything including smokes from Zepto.",69,2026-03-11
reddit,"Me too man
But purchasing too many items to reduce the delivery charges🥲",15,2026-03-11
reddit,"For fruits etc, I’d suggest local ones",2,2026-03-11
reddit,zepto has a smoke store? Do I need a different apk for that?,0,2026-03-11
reddit,It has by default no need of any apk,3,2026-03-11
reddit,Blinkit has blinkit lit. Not sure of zepto,3,2026-03-11
reddit,Zepto also has a lite version for ordering smokes.,2,2026-03-11
reddit,"Yup, every quick commerce app has a lite version for PAN dabba items. Google the app name with lite and download the APK from the official website. In addition to this Swiggy Instamart has incognito mode, the order will vanish from your past orders list after the helpline window for that order gets closed.",2,2026-03-11
reddit,Only accessible via online website from browser,1,2026-03-11
reddit,All quick commerce have. Not on android though. Since it’s against play store policy,1,2026-03-11
reddit,Yes there's an apk on their website,1,2026-03-11
reddit,"Ma flat pakkane Vijetha untundi, but zepto is cheaper than Vijetha, okkosari urgent ga konadaniki velli zepto lo order pettukunna rojulu kooda unnayi.

We order while cooking, drinking and at random times for refreshments.",16,2026-03-11
reddit,"Adhi maathram oppukovaali
Direct ga mrp ki konadam kanna konchem thagguthundhi plus effortless.",5,2026-03-11
reddit,"true this, vijetha, ratnadeep, naturals vellu max items mrp price ki charge chestharu",4,2026-03-11
reddit,"Honestly. Prettyuch everything at this point. Should go and shop, but it's just way too convenient.",12,2026-03-11
reddit,Any crazy items that youd suggest? Anything new/ crazy,-7,2026-03-11
reddit,Whyd you get downvoted bro,1,2026-03-12
reddit,"I use to order snacks and groceries, but lately, these guys having been charing too much, so I've decided to step outside and buy these from local kirana store and supermarket.",10,2026-03-11
reddit,Agreed!! 😂 but sometimes just casually ordering 😂,3,2026-03-11
reddit,These companies are killing kirana shops and not paying well to delivery people. Maybe we should buy from small stores and protect them.,2,2026-03-11
reddit,Ha we should buy from small store pay extra for cooling charges and buy everything for mrp or more then mrp and some times buy 3rd grade unbranded items as we dont get the brand we want and for loose grocery they sell inferior products and charge high we should buy the inferior goods from small kiranas as they dont have business we spend more take inferior goods spoil our health to save this small stores and give chance to loot more?? Common wake up do you think these apps just taking up market share with loots? If they are paying delivery guys less it's there business boss they are running business on thin margin if they pay high they need to charge more if they charge more next day they need to close there business be practical most of the deliverguys working here are for part time workers students or people who dont get ideal jobs just working part time if they pay is less stop working who is forcing to work just to save small store no one is ready to pay more and buy inferior products,3,2026-03-11
reddit,"Pro capitalism does not help any one life, except billionaires. Save these arguments for billionaires, not for who are living in low pay jobs and meets bear minimum. Subsidies are not given or annulled for small kirana shops but for billionaires. Ask who loots from taxpayers(definitely not small business) You are glorifying Quality of products on brand names read their ingredients and banns in other countries. Don’t glorify capitalism.",0,2026-03-11
reddit,If small kirana shops sell genuine none be beyond this apps there are many kirana shops who never pay a rupee tax dont give gyan talk practically people would buy things from where they get a cheap price and good quality not to save others business come out your dream.,2,2026-03-11
reddit,"Are they are not paying taxes? How do you know that?, don’t generalise or spread things from forward messages",0,2026-03-11
reddit,This shows your arrogance your generalizing things go ask shops near ur neighborhood do they pay tax if they pay how much they pay on what basis they pay do they maintain any accounts who audits you dont know anything how things work practically in real world did you ever atleast visited any small kirana shop in ur life first then you will know how they loot just experience things and talk,1,2026-03-11
reddit,"Don’t be rude, I am towards having healthy food I am on your side but attacking me doesn’t help your argument and being angry on shops or avoiding doesn’t bring change. It’s you who generalised saying they don’t pay taxes which you don’t know do you have evidence to prove your statements ? If so report it and Ask who allows them to sell these products who allows these kind of manufactures. Then you can bring real change by applying banns and educating shops owner where to buy. Call fssai and ask them to apply policies and standards on sellers. Branded products was banned by inspection before so you can’t say branded products are good and has quality.",0,2026-03-11
reddit,"This is what I am saying you have zero knowledge for a small kirana shop they have to have just a trading license there is no one to track them how much turn over they did this shop keeper never voluntarily declare.

What healthy food ur talking about so is your argument that these shopkeepers sell healthy food??? That's what I am saying u never went to any grocery store in your life yet for example a small kirana store sells salt packets if you see he sells both branded and non branded branded here i mean  fssai approved and non approved there are many things in grocery where these small store keeper sells which doesnt have any fssai.

Yes I know they dont pay taxes I said you I practically know them you kindly go and do ir resarach u will find them 

First things you never shopped you dont know any thing the jammed products expired products are sold by these shop keeper not by blinking or some other online app for ever item sold they have a invoice and a gst number did yiu ever got any invoice or gat number from ur so called small kirana shop has did you get any bill when u purchase anything in small kirana shop of there ia no invoice no bill how are they going to pay taxes open your eyes see how things works in practical just dont read forward msgs and tell encourage small shops use ur brain",1,2026-03-11
reddit,"Don’t moral police selectively, you have ask government about food safety and food inspection and pricing cap. Ask taxes accountability for government also not only selective direct only who is infront of you. All I am trying to say is ask who is responsible not who is doing it to pay their bills. Have some compassion towards people",-1,2026-03-11
reddit,"I thought you have little sense but I think you dont even have common sense to understand the real issue government about food safety do you atleast know whom do we have to complain if kirana shop guy sells inferior goods.

Do you know whom to complain for the issues you stated above.

I think your just a school kid with zero knowledge its doesnt make any sense to argue with person who has zero knowledge of anything.",0,2026-03-11
reddit,Fssai you can call them and report written complaints,1,2026-03-11
reddit,🤣😂🤣😂🤣😂🤣😂provide me number,1,2026-03-11
reddit,"https://fssai.gov.in 

1800112100 toll free
Helpdesk-foscos@fssai.gov.in 

Don’t believe like this give respect to people. Your proving by point by behaving like this, unnecessary angry",-1,2026-03-11
reddit,Everythings fine but flowers??? Yar do we get them fresh??? The last time i ordered i got “vaadipoyina” ones,1,2026-03-11
reddit,I should have opted for return then. My bad,1,2026-03-11
reddit,"I get protein from instamart , cuz of 10 percent discount",4,2026-03-11
reddit,Gymson online!! Good going man,2,2026-03-11
reddit,Recently there is a spike in Ciggerate &amp; Tobacco prices so I mostly order Ciggerate since they are still selling it on MRP unlike roadside tapris anywhere in India where they are selling it on increased prices. If you calculate on MRP one cig is 17₹ but tapris guys selling at 24.,4,2026-03-11
reddit,Yes man im getting the marlboro double switch for 25 here…🥲,1,2026-03-11
reddit,Ordered gold coin 1gm and fifa 26 &amp; controller PS5,3,2026-03-11
reddit,"Yeah, I got ps5 and controller from Blinkit",1,2026-03-11
reddit,Flipkart minutes for know,3,2026-03-11
reddit,Flipkart too???,1,2026-03-11
reddit,"Used to be zepto,but flipkart has some decent offers for know especially for new customers,try it once",2,2026-03-11
reddit,"I will definitely. Just go to flipkart-&gt; groceries
Thats it right? And in how much time will I het delivery? Theres no time mentioned there except the 10 am to 11pm period",1,2026-03-11
reddit,"You will have a separate tab that says minutes just like groceries(not groceries) on top.it's quick delivery just like zepto,blinkit, Instamart 
 
   Maybe they haven't expanded to your location yet, I'm not sure",1,2026-03-11
reddit,https://preview.redd.it/k6wop6nbaeog1.jpeg?width=1168&amp;format=pjpg&amp;auto=webp&amp;s=3ca88ff13a411873f3baf107d71a439819575087,1,2026-03-11
reddit,"Yeah probably not there yet,I have the minutes option in place of finance",1,2026-03-11
reddit,Aghh!! Where do you reside?,1,2026-03-11
reddit,"There’s no kirana store near my house so blinkit, Zepto and these all are my online kirana stores",3,2026-03-11
reddit,"Broooo these insta marts are like dmart kinda things to me now. Reduced prices, fast delivery in minutes(if delivery partner assigned).",2,2026-03-11
reddit,Yes ! I also love the covers blinkit people provide hehe 😝,1,2026-03-11
reddit,Covers? The 30 rupees bag??? I like them too. I sometimes get that bag to store waste stuff😂. Later after ages our maid takes it off like a garbage bag,1,2026-03-11
reddit,I store them aside to colour but my family uses them as an alternatives to garbage covers.,1,2026-03-11
reddit,Colouring? Thats a nice hobby. And a suggestion to me to get out of my boredum. Thanks man,2,2026-03-11
reddit,Groceries and anything needed urgently especially after 10pm when most stores close up,3,2026-03-11
reddit,"These Instant marts are saving an Introvert like me from interacting with people and to live independently.
Also, there are items that I don't find in local stores are available in Instant marts e.g oyster mushrooms, Basil leaves, imported chocolate, etc. 


I order everything mostly groceries. Before Instant marts Big basket my savior helped me get through Covid lockdown.",3,2026-03-11
reddit,Fellow introvert here!! 😂,1,2026-03-11
reddit,"Can someone suggest best among (Blinkit, instamart, zepto and BB). In terms of prices and availability of items. Thanks in advance ❤️",3,2026-03-11
reddit,Late nights swiggy and blinkit at financial district. As you go through the whole reply section you would find bb is better in terms of prices. I would say blinkit/ swiggy when it comes to availability.,2,2026-03-11
reddit,"Prices BB lo bbest untayi, availability and average price Swiggy Instamart lo bauntadhi. Konnisaarli Zeptolo delivery charge, handling charge veyyadu, aah timelo Zepto best kaani delivery time unexpectedga perigidi zeptolo konnisaarlu.",2,2026-03-11
reddit,"Bro, did you mean cufflinks? Hand cuffs are the ones that you are made to wear by cops!",9,2026-03-11
reddit,Cops if you did dirty work. Not if you want to do the dirty 😉,28,2026-03-11
reddit,Damn!!! 😂😂 hows the quality tho?,4,2026-03-11
reddit,Depends on how u use it ig.. fancy dress and roleplay aint the same.. iykyk,4,2026-03-11
reddit,Everyone knows😂😂😂,2,2026-03-11
reddit,Can we return??? Do we have any period for that?,3,2026-03-11
reddit,![gif](giphy|UAbYPPJQnigHS),2,2026-03-12
reddit,I mostly order my groceries. There is not much price difference. I also order my protein powder as it has some discount also from the company website it takes a couple of days.,2,2026-03-11
reddit,I hope they introduce per gram too. Like getting something of our own measuremnt(idk how to explain it😅).,2,2026-03-11
reddit,"I personally use this app before making any purchase to compare them. 

Not associated, just wanted to give them a shout out.

Compare grocery and cab prices and save money with Comparify. https://play.google.com/store/apps/details?id=com.akshat.comparify",2,2026-03-11
reddit,Tnc applied? And do we need to share our data?,2,2026-03-11
reddit,"No, pretty straight forward app no need to login, you can connect ur accounts but it works without too.",1,2026-03-11
reddit,"https://preview.redd.it/x9422veq3fog1.jpeg?width=1170&amp;format=pjpg&amp;auto=webp&amp;s=0e196bc08699e05a0b0a4b348e61325b96d90c79

This one right?",3,2026-03-11
reddit,"I like to order condoms cucumber carrots and baby oil. 
The reaction is worth its",2,2026-03-11
reddit,Diddy ahh comment,1,2026-03-11
reddit,"I use for yogurt, whey, few spices and carrots",1,2026-03-11
reddit,Man!!! I’m gonna copy ur snoo outfit. Is it ok?,1,2026-03-11
reddit,"I use zepto for dairy items, grocery",1,2026-03-11
reddit,I usually use them to get fruits beacause going out and bargaining with local sellers isn't my thing also I always get graded fruits from them which I don't get from local sellers.,1,2026-03-11
reddit,Agreed!!! I do the same. Not a bargainer🥲,1,2026-03-11
reddit,From which app? Zepto?,1,2026-03-11
reddit,durada.. edhokati order pettali ani satisfaction,1,2026-03-11
reddit,Shame to shame. No difference😂,1,2026-03-11
reddit,Mostly condoms and snacks,1,2026-03-11
reddit,Suggest me a better one yar. Not liking that durex one and the boldcare one,1,2026-03-11
reddit,I order 1-2 times a week for weekly groceries,1,2026-03-11
reddit,"Instamart always as I get 10% cashback from Swiggy card, and blinkit to buy something exotic or unique (sometimes they have a new and crazy collection) - I like to try new things a lot",1,2026-03-11
reddit,Do we need to give prescription?,1,2026-03-11
reddit,"Milk. 😀

Now's a days even if I am willing to go to support market... My wife says... Why take the pain.. I'll order",1,2026-03-11
reddit,Big basket lo 10 rs groceries and sugar free soft drinks.,1,2026-03-11
reddit,Chusthu chusthu unte big basket eh better anipisthundhi enti🤔,1,2026-03-11
reddit,Maa dhaggara raavatle man,1,2026-03-11
reddit,Grocery weekly because I do not wish to be killed by a random crazy illegal ass driver on the road,1,2026-03-11
reddit,"For us , it's mostly for Milk packets and snacks when un announced guests come.",1,2026-03-11
reddit,Same but the unannounced guy is me. My mood swings like a pendulum,2,2026-03-11
reddit,Honestly all the things you mentioned.. plus also when I don’t have time to physically go and buy anything,1,2026-03-11
reddit,If we have options why would we have time to buy groceries. Cheers man!!! Ever item right at your door step.,1,2026-03-11
reddit,Yeah when service is there why go physically 💀,1,2026-03-11
reddit,Just to check prices,1,2026-03-11
reddit,"I stopped ordering fruits and vegetables because I started picking them myself at the grocery store. Instead of having someone pack them for me, I prefer to select the fruits and vegetables I want.",1,2026-03-11
reddit,From Vijetha and ratnadeep? Or from the local shops?,1,2026-03-11
reddit,"Sometimes ratnadeep, sometimes Vijetha. I just check the which one has fresh stock on that morning and go there",2,2026-03-11
reddit,These things are the main reason I cant stick to my diet 😭.,1,2026-03-11
reddit,"Usually personal care items that I can't find in Ratnadeep or Vijetha; Nivea Men and Bombay Shaving Co products as well as some specific Garnier products.

Same for things like specific Hansaplast plasters, WD40, etc.

Also for unplanned grocery requirements. If I've forgotten to buy something.",1,2026-03-11
reddit,"Entire monthly grocery on blinkit 

and additional unordered essentials once or twice in a month",1,2026-03-11
reddit,But im not finding much deals in dmart. Everything is in large quantity,2,2026-03-11
reddit,Haha cool!! I used to buy dates,1,2026-03-11
reddit,"Always local stores. As much as possible.

Insta-services only when there is urgency or late night (rare).",1,2026-03-11
reddit,Maybe youre a perfect planner. Good going,1,2026-03-11
reddit,"I keep stocks of indulgent stuff. Always keep extra beverages. Grocery at least a packet of each extra to avoid surprises. And I like the shopping experience, and the idea of supporting local stores. I did fall prey to the convenience of these apps but something changed my perspective soon after.

I do use insta shopping apps for a few things that I can only find with them.",1,2026-03-11
reddit,"Back in my hometown, there were shops that I used to visit since I was a child. I have seen them flourish in the past, most of them. These were special to me; mostly because of the kind people there.

Over the years in the past decade, I've seen most of them fade away. Many of them I know personally. More than 80% of these closed post Covid - a few couldn't handle the loss of sale, and the majority ones who survived didn't last for much time. A few still remain but only because they have no other option. 

And the biggest reason for their decline was change in customer preferences. They simply cannot match the discounts by the big marts and online shops. They cannot provide the doorstep convenience. They just watch their customers for years pass their stores to the Mart nearby. 

So, I made a decision about this, when one of my all time favourite shops closed their doors. And I've been shopping local ever since.",2,2026-03-11
reddit,Such a nice human you are!!!,1,2026-03-11
reddit,"Stopped weekly grocery shopping in Ratnadeep, Dmart. Not worth the wait and hustle. 
Some stuff that we order:

Kids birthday parties ki gifts (super cheap online) 
Vegetables and groceries 
Sending random gifts to little brother who lives in another city(chocolates, Pens, stationary)",1,2026-03-11
reddit,Nicee. But if u got kids take them to the store. Theyll see interesting finds,1,2026-03-11
reddit,Insta with hdfc Swiggy and Tatanue with hdfc tata card,1,2026-03-11
reddit,"My bad
But its true",1,2026-03-11
reddit,What did you order recently which issomething crazy?,1,2026-03-11
reddit,"I bought a Toaster once ,delivered in 10 minutes and once Jockey briefs.",1,2026-03-11
reddit,"To order milk,chocolates",1,2026-03-11
reddit,"Everything. Groceries, snacks, mixers, jewellery, t shirts, make up. Also, these days they don't have enough cig stock, which is too sad!",1,2026-03-11
reddit,Price hike is the reason🥲. Only limited stock and brands.,1,2026-03-11
reddit,"Not in India, but used a similar service back when I was in China. 

What did I order? Condoms.

Met this chick on TanTan (Chinese version of Tinder). After a bit of chitchat, she agreed to come visit my apartment. Wasn't prepared for this sudden surprise. Did not have any condoms at home. Open Hema (Instamart like thing owned by Alibaba) and ordered condoms. Got them delivered din 10 mins.",1,2026-03-11
reddit,"Normalga ayithe late-night cigarette, condoms, stff ki snacks. Eppudaina vantacheyyali shopki velle time ledhu annapudu groceries.",1,2026-03-11
reddit,"I order online- long shelf life milk, chicken breast, chicken for my cats, cat food in emergency.

Eggs and snacks in local shop, groceries from dmart, veggies in veg market. Try to rely on local as much as possible.",1,2026-03-12
reddit,Emergency we use blinkit and For mangoes I would like to suggest SalemMango[SalemMango ](https://www.salemmango.com/). Fresher and sweet.,1,2026-03-12
reddit,"Products which have MRP printed on them- I find them cheaper in Zepto than in normal stores.

But for non MRP printed products (like vegetables) - I go out.",1,2026-03-12
reddit,Zepto or blinkit Which is ur favourite app ? Just asking what's ur thoughts,0,2024-10-23
reddit,Zepto for first five orders and zepto wallet 🚶,7,2024-10-23
reddit,"I agree, I ordered 3 ocean drinking water worth 180 rs, got it for 30rs only because of the zepto wallet.",1,2024-10-23
reddit,Fr. I once got 125 lol. And also some of the products are even cheaper on zepto.,1,2024-10-23
reddit,"Blinkit, maybe personal opinion but Zepto sucks at delivering in time. Their core value prop of “delivering within minutes” has become like a politician’s promise. 

P.S. - If you are someone from Zepto and doing market research, I’m sorry but yeah this is how it is atm",6,2024-10-23
reddit,No  I am not from zepto 🤣 but I see blinkit interface more kind a good better than zepto,3,2024-10-23
reddit,"Yes, also Zepto’s interface is too crammed I feel",3,2024-10-23
reddit,"I don’t know man it’s the same shit across all quick delivery platforms, same interface same packaging I use them only when I don’t have what I need at that moment. Apart from that relying on them for your day to day supply would be not so economical things are clearly cheaper if you take and effort to step out and buy things on your own.",2,2024-10-23
reddit,"No favorite app, the availability of things I need are so read across all the quick commerce platforms",1,2024-10-23
reddit,"Zepto&gt;blinkit in terms of customer support 
Zepto customer support is literally over the sky and not even close to blinkits 


I choose zepto over blinkit anytime and 
Instamart in the mid nights",1,2025-04-05
